日期,類型_1,類型_2,金額,帳戶,名稱,國家,地點,備註
03/31/2026,📅 日常,🧴 日用,240.00,菇菇,印章,台灣,台南市,
06/17/2026,✈️ 旅行,🚗 交通,"26,495.00",過兒,加拿大機票,加拿大,溫哥華,過兒機票
06/17/2026,✈️ 旅行,🚗 交通,"47,654.00",菇菇,加拿大機票,加拿大,溫哥華,菇菇+菇吉
03/30/2026,📅 日常,🍽️ 飲食,35.00,過兒,全家麥片,台灣,臺南,
03/29/2026,📅 日常,🚗 交通,785.00,菇菇,加油,台灣,臺南,
03/28/2026,📅 日常,🍽️ 飲食,110.00,菇菇,雲平咖啡,台灣,臺南,
03/28/2026,📅 日常,🍽️ 飲食,406.00,菇菇,7-11午餐,台灣,臺南,
03/28/2026,📅 日常,🍽️ 飲食,79.00,過兒,貝殼餅乾,台灣,臺南,
03/28/2026,📅 日常,💄 美容,90.00,菇菇,陽光剪髮,台灣,臺南,
03/28/2026,📅 日常,🧴 日用,"2,116.00",菇菇,家樂福,台灣,臺南,
03/27/2026,📅 日常,👶 寶寶,945.00,菇菇,兒童座椅,台灣,臺南,
03/26/2026,📅 日常,🏥 醫療,390.00,過兒,新樓中醫,台灣,臺南,趙家儀
03/26/2026,📅 日常,🍽️ 飲食,830.00,菇菇,成功牛排,台灣,臺南,
03/26/2026,📅 日常,👶 寶寶,577.00,過兒,寶寶帽子/衣服,台灣,臺南,蝦皮
03/25/2026,📅 日常,👗 服飾,549.00,過兒,瑜伽褲+無痕內褲,台灣,臺南,蝦皮
03/25/2026,📅 日常,🍽️ 飲食,85.00,菇菇,7-11,台灣,臺南,
03/24/2026,📅 日常,🚗 交通,172.00,過兒,Rav4 停車費,台灣,臺南,台南繳費
03/24/2026,📅 日常,🧴 日用,"1,730.00",菇菇,板子換皮,台灣,臺南,
03/24/2026,📅 日常,📚 教育,939.00,過兒,Muesu霂序皮拉提斯 器械,台灣,臺南,Muesu霂序皮拉提斯 台南和善館
03/23/2026,📅 日常,🎁 禮物,"20,000.00",過兒,過兒弟弟結婚紅包,台灣,臺南,育承結婚蜜月紅包
03/23/2026,📅 日常,🏥 醫療,200.00,過兒,看皮膚毛囊炎,台灣,臺南,王肇陽皮膚科
03/23/2026,📅 日常,👶 寶寶,60.00,過兒,戶口名簿,台灣,臺南,轉到崇明學區
03/23/2026,📅 日常,🍽️ 飲食,100.00,過兒,鳳梨,台灣,臺南,
03/22/2026,✈️ 旅行,🍽️ 飲食,460.00,過兒,安平蝦捲,台灣,臺南,
03/22/2026,📅 日常,🧴 日用,205.00,菇菇,微波爐轉盤,台灣,臺南,爸媽家
03/22/2026,📅 日常,🍽️ 飲食,837.00,菇菇,全聯採買,台灣,臺南,
03/22/2026,📅 日常,🍽️ 飲食,58.00,菇菇,北海道採買,台灣,臺南,
03/21/2026,📅 日常,👶 寶寶,500.00,菇菇,乾濕兩用巾,台灣,臺南,
03/21/2026,📅 日常,🍽️ 飲食,101.00,菇菇,里仁,台灣,臺南,
03/21/2026,📅 日常,🍽️ 飲食,485.00,菇菇,235巷,台灣,臺南,
03/21/2026,📅 日常,🍽️ 飲食,458.00,菇菇,晴天包子,台灣,臺南,
03/20/2026,📅 日常,🍽️ 飲食,160.00,過兒,蛋+香蕉,台灣,臺南,家附近小市場
03/20/2026,📅 日常,🚗 交通,"1,286.00",菇菇,Rav4 加油,台灣,臺南,中油
03/20/2026,📅 日常,🍽️ 飲食,"1,413.00",菇菇,花語鐵板燒,台灣,臺南,菇爸媽一起吃晚餐
03/19/2026,📅 日常,🍽️ 飲食,75.00,菇菇,午餐,台灣,臺南,
03/18/2026,📅 日常,🧴 日用,"2,996.00",菇菇,微波爐,台灣,臺南,
03/18/2026,📅 日常,👶 寶寶,444.00,過兒,大地之愛寶寶粥135奶嘴95筷子79,台灣,臺南,微笑寶寶
03/18/2026,📅 日常,🍽️ 飲食,80.00,過兒,阿粉姨布丁兩顆,台灣,臺南,
03/17/2026,📅 日常,🧴 日用,529.00,過兒,手機架/馬桶刷/窗簾磁力扣,台灣,臺南,蝦皮
03/17/2026,📅 日常,🧴 日用,430.00,過兒,生活用品/掃把/掛勾,台灣,臺南,蝦皮
03/17/2026,📅 日常,👶 寶寶,217.00,過兒,穠穠帽子,台灣,臺南,蝦皮
03/17/2026,📅 日常,👶 寶寶,532.00,過兒,洗鼻器+牙刷,台灣,臺南,蝦皮
03/16/2026,📅 日常,🧴 日用,450.00,菇菇,Claude Api,台灣,臺南,
03/16/2026,📅 日常,🍽️ 飲食,40.00,菇菇,果凍,台灣,臺南,
03/16/2026,📅 日常,🍽️ 飲食,400.00,菇菇,無籽紅棗,台灣,臺南,
03/15/2026,📅 日常,🍽️ 飲食,280.00,菇菇,蘭展冰淇淋 醬油,台灣,臺南,
03/14/2026,📅 日常,👶 寶寶,625.00,過兒,寶寶用品,台灣,臺南,蝦皮
03/13/2026,📅 日常,🍽️ 飲食,686.00,過兒,全聯採買,台灣,臺南,
03/13/2026,📅 日常,👗 服飾,"2,160.00",菇菇,Lativ,台灣,臺南,
03/12/2026,📅 日常,🍽️ 飲食,390.00,過兒,全聯採買,台灣,臺南,
03/12/2026,📅 日常,🍽️ 飲食,75.00,菇菇,咖啡,台灣,臺南,
03/11/2026,📅 日常,👶 寶寶,410.00,過兒,寶寶太陽眼鏡/掛勾/湯匙,台灣,臺南,蝦皮
03/11/2026,📅 日常,💄 美容,368.00,過兒,粉餅+防蚊液,台灣,臺南,酷朋
03/11/2026,📅 日常,👶 寶寶,339.00,過兒,防蚊液/防蚊滾珠/KOM叉子,台灣,臺南,蝦皮
03/11/2026,📅 日常,👶 寶寶,599.00,過兒,防水隔尿墊/單人床,台灣,臺南,蝦皮
03/11/2026,📅 日常,🍽️ 飲食,150.00,菇菇,麵包,台灣,臺南,
03/11/2026,📅 日常,🍽️ 飲食,"2,000.00",過兒,過兒爸生日吃薄多義,台灣,臺南,
03/10/2026,📅 日常,🍽️ 飲食,485.00,過兒,崇德市場採買,台灣,臺南,雞腿/蛋/菜/菇
03/10/2026,📅 日常,🍽️ 飲食,850.00,過兒,32公分不鏽鋼蜂巢鍋,台灣,臺南,崇德市場
03/10/2026,📅 日常,🍽️ 飲食,89.00,菇菇,午餐,台灣,臺南,
03/10/2026,📅 日常,🍽️ 飲食,815.00,過兒,全聯採買,台灣,臺南,
03/09/2026,📅 日常,📚 教育,399.00,過兒,器械皮拉提斯體驗,台灣,臺南,IU仁德店
03/09/2026,📅 日常,🚗 交通,64.00,過兒,Rav4停車,台灣,臺南,
03/09/2026,📅 日常,📚 教育,490.00,過兒,Udemy PMP課程,台灣,臺南,Andrew Ramdayal – PMP Certification Exam Prep Course (35 PDU)
03/08/2026,📅 日常,🍽️ 飲食,"1,588.00",菇菇,家樂福採買,台灣,臺南,
03/08/2026,📅 日常,🍽️ 飲食,560.00,過兒,涂小姐午餐,台灣,臺南,義大利麵/燉飯
03/08/2026,📅 日常,🚗 交通,590.00,菇菇,RAV4加油,台灣,臺南,中油
03/07/2026,📅 日常,🍽️ 飲食,164.00,菇菇,7-11,台灣,臺南,檸檬汁 咖啡
03/07/2026,📅 日常,🐾 寵物,971.00,菇菇,貓砂,台灣,臺南,
03/07/2026,📅 日常,📚 教育,388.00,過兒,皮拉提斯體驗,台灣,臺南,KX
03/07/2026,📅 日常,🍽️ 飲食,645.00,過兒,便宜坊烤鴨,台灣,臺南,過兒爸媽一起吃
03/06/2026,📅 日常,📚 教育,"1,700.00",過兒,器械皮拉提斯體驗,台灣,臺南,讀身
03/06/2026,📅 日常,👶 寶寶,252.00,過兒,寶寶餐碗,台灣,臺南,蝦皮
03/06/2026,📅 日常,🍽️ 飲食,861.00,過兒,全聯採買,台灣,臺南,
03/05/2026,📅 日常,🛡️ 保險,"1,428.00",過兒,留停健保費,台灣,臺南,115年1月
03/05/2026,📅 日常,🍽️ 飲食,295.00,菇菇,忠味麵館,台灣,臺南,午餐
03/05/2026,📅 日常,🚗 交通,70.00,菇菇,停車費,台灣,臺南,
03/05/2026,📅 日常,🐾 寵物,"1,226.00",菇菇,貓飼料,台灣,臺南,
03/04/2026,📅 日常,👶 寶寶,"23,025.00",菇菇,唯栩夏綠蒂,台灣,臺南,
03/04/2026,📅 日常,👶 寶寶,"3,000.00",菇菇,唯穠初日,台灣,臺南,
03/04/2026,📅 日常,🍽️ 飲食,405.00,過兒,崇德市場買菜,台灣,臺南,花椰菜菠菜香菇雞蛋鮭魚蛤蠣
03/02/2026,📅 日常,👗 服飾,435.00,過兒,防滑襪,台灣,臺南,蝦皮
03/02/2026,📅 日常,🍽️ 飲食,"2,888.00",過兒,【Giaretti】全自動智能美型二合一調理養生機/豆漿機,台灣,臺南,YOYO 團購
03/01/2026,📅 日常,🍽️ 飲食,390.00,菇菇,河粉,台灣,高雄,
03/01/2026,📅 日常,🍽️ 飲食,50.00,過兒,薯條,台灣,高雄,
03/01/2026,📅 日常,🚗 交通,"1,340.00",菇菇,RAV4 加油,台灣,臺南,
03/01/2026,📅 日常,🍽️ 飲食,185.00,過兒,早餐麵包,台灣,臺南,常春藤麵包
03/01/2026,📅 日常,🍽️ 飲食,188.00,菇菇,全聯,台灣,臺南,
03/01/2026,📅 日常,👶 寶寶,729.00,菇菇,奶粉,台灣,臺南,
02/28/2026,📅 日常,🧴 日用,"3,600.00",菇菇,眼鏡,台灣,臺南,
02/26/2026,📅 日常,📱 通信,478.00,過兒,台哥大電信費,台灣,臺南,1-2月
02/26/2026,📅 日常,🚗 交通,"3,808.00",過兒,FIT保養/五萬公里,台灣,臺南,
02/25/2026,📅 日常,🍽️ 飲食,256.00,菇菇,麥噹噹,台灣,高雄,
02/25/2026,📅 日常,💄 美容,288.00,過兒,健美洋行,台灣,臺南,重訓入門
02/25/2026,📅 日常,🏥 醫療,190.00,過兒,新樓中醫,台灣,臺南,趙家儀
02/25/2026,📅 日常,🍽️ 飲食,"1,321.00",過兒,樂維根高蛋白,台灣,臺南,蝦皮
02/25/2026,📅 日常,📚 教育,"1,475.00",過兒,新多益參考書,台灣,臺南,誠品蝦皮
02/25/2026,📅 日常,🍽️ 飲食,145.00,過兒,土雞蛋20顆，一斤65,台灣,臺南,崇德市場
02/24/2026,📅 日常,🧴 日用,"9,024.00",菇菇,Eizo螢幕,台灣,臺南,
02/24/2026,📅 日常,🧴 日用,208.00,菇菇,成大名片,台灣,臺南,
02/23/2026,📅 日常,👶 寶寶,378.00,過兒,穠穠午餐碗,台灣,臺南,蝦皮
02/23/2026,📅 日常,🍽️ 飲食,280.00,過兒,有麥點,台灣,臺南,蕎麥豚骨拉麵
02/23/2026,📅 日常,👶 寶寶,932.00,過兒,奶粉+小獅王奶嘴頭,台灣,臺南,微笑寶寶
02/22/2026,📅 日常,👶 寶寶,508.00,過兒,寶寶筷/奶瓶/羊乳片,台灣,臺南,微笑寶寶
02/21/2026,📅 日常,👶 寶寶,609.00,菇菇,戰服們,台灣,臺南,
02/20/2026,📅 日常,🍽️ 飲食,970.00,過兒,家樂福,台灣,臺南,採購食材
02/19/2026,📅 日常,🍽️ 飲食,294.00,菇菇,北海道採買,台灣,臺南,
02/18/2026,📅 日常,🚗 交通,"1,260.00",菇菇,加油,台灣,臺南,
02/16/2026,📅 日常,🍽️ 飲食,850.00,過兒,家樂福採購,台灣,臺南,家樂福
02/15/2026,📅 日常,👶 寶寶,699.00,菇菇,奶粉,台灣,臺南,
02/15/2026,📅 日常,🚗 交通,75.00,過兒,西子灣停車,台灣,高雄,沙灘好玩
02/15/2026,📅 日常,🍽️ 飲食,420.00,過兒,高雄晚餐,台灣,高雄,冬粉王
02/14/2026,📅 日常,👶 寶寶,450.00,過兒,寶寶u型枕,台灣,臺南,蝦皮
02/14/2026,📅 日常,👶 寶寶,360.00,過兒,汽車遮陽簾×2,台灣,臺南,蝦皮
02/14/2026,📅 日常,🏥 醫療,715.00,過兒,3M拇指護腕,台灣,臺南,蝦皮
02/14/2026,📅 日常,🍽️ 飲食,99.00,過兒,檸檬炸雞翅,台灣,臺南,三商炸雞
02/14/2026,📅 日常,🍽️ 飲食,830.00,過兒,83炒鱔魚,台灣,臺南,過兒家晚餐
02/14/2026,📅 日常,👶 寶寶,709.00,過兒,S26金愛1號,台灣,臺南,大樹
02/13/2026,📅 日常,👶 寶寶,"4,300.00",菇菇,栩疫苗,台灣,臺南,
02/13/2026,📅 日常,🍽️ 飲食,460.00,菇菇,午餐,台灣,臺南,
02/13/2026,📅 日常,👗 服飾,"2,860.00",菇菇,媽媽戰服,台灣,臺南,
02/13/2026,📅 日常,🍽️ 飲食,900.00,菇菇,晚餐,台灣,臺南,
02/11/2026,📅 日常,💄 美容,600.00,過兒,洗加剪,台灣,臺南,Moin Hair salon 
02/11/2026,📅 日常,👶 寶寶,"18,000.00",菇菇,夏綠蒂註冊費,台灣,臺南,栩栩
02/10/2026,📅 日常,🏠 住房物業,"2,883.00",菇菇,電費,台灣,臺南,
02/10/2026,📅 日常,🐾 寵物,596.00,菇菇,貓乾糧,台灣,臺南,
02/10/2026,📅 日常,🧴 日用,204.00,菇菇,咖啡袋,台灣,臺南,
02/10/2026,📅 日常,🍽️ 飲食,"1,512.00",菇菇,咖啡豆,台灣,臺南,
02/08/2026,📅 日常,🧴 日用,470.00,菇菇,paperbanana,台灣,臺南,
02/08/2026,📅 日常,🍽️ 飲食,574.00,菇菇,北海道採買,台灣,臺南,
02/07/2026,📅 日常,🚗 交通,"1,305.00",菇菇,加油,台灣,臺南,
02/07/2026,📅 日常,🍽️ 飲食,"3,860.00",菇菇,穠穠生日派對,台灣,臺南,
02/06/2026,📅 日常,🍽️ 飲食,45.00,菇菇,停車費,台灣,臺南,
02/06/2026,📅 日常,🍽️ 飲食,"1,491.00",過兒,泰式午餐,台灣,臺南,Siam siam 泰式餐廳/ 安安+菇菇
02/06/2026,📅 日常,👗 服飾,699.00,過兒,NET禮服,台灣,臺南,弟弟婚禮禮服
02/05/2026,📅 日常,🎁 禮物,65.00,菇菇,全家抹茶拿鐵,台灣,高雄,
02/05/2026,📅 日常,🚗 交通,180.00,菇菇,停車費,台灣,高雄,
02/05/2026,📅 日常,🍽️ 飲食,157.00,菇菇,麥噹噹,台灣,高雄,
02/05/2026,📅 日常,📄 稅金,607.00,過兒,紅燈右轉罰單600,台灣,臺南,2025年12月17號
02/05/2026,📅 日常,🎁 禮物,350.00,菇菇,菇吉學校生日蛋糕,台灣,臺南,
02/04/2026,📅 日常,🚗 交通,"1,000.00",菇菇,停車費,台灣,臺南,
02/04/2026,📅 日常,👶 寶寶,567.00,過兒,圍兜+毛巾,台灣,臺南,蝦皮
02/03/2026,📅 日常,🍽️ 飲食,590.00,過兒,黃記包子,台灣,臺南,
02/03/2026,📅 日常,🚗 交通,"1,767.00",過兒,腳踏車安全帽MIPS,台灣,臺南,迪卡農/菇菇轉學禮物
02/03/2026,📅 日常,🧴 日用,45.00,過兒,小藥盒,台灣,臺南,寶雅
02/02/2026,📅 日常,🍽️ 飲食,60.00,過兒,自助餐,台灣,臺南,鑫豐自助餐
02/02/2026,📅 日常,🎁 禮物,472.00,過兒,穠穠初日慶生禮物+禮物書,台灣,臺南,蝦皮
02/02/2026,📅 日常,🧴 日用,269.00,菇菇,Type C線,台灣,臺南,
02/02/2026,📅 日常,🏥 醫療,750.00,菇菇,成大體檢,台灣,臺南,
02/02/2026,📅 日常,🧴 日用,"1,480.00",菇菇,Jlab骨傳藍牙耳機,台灣,臺南,
02/02/2026,📅 日常,🛡️ 保險,"1,870.00",過兒,勞保11+12月,台灣,臺南,725+1145
02/02/2026,📅 日常,🛡️ 保險,"1,428.00",過兒,健保,台灣,臺南,12月
02/02/2026,📅 日常,👶 寶寶,996.00,過兒,PPSU 奶瓶×4,台灣,臺南,蝦皮
02/01/2026,📅 日常,🍽️ 飲食,50.00,菇菇,蛋,台灣,臺南,
02/01/2026,📅 日常,🍽️ 飲食,140.00,菇菇,早餐,台灣,臺南,
02/01/2026,📅 日常,👶 寶寶,709.00,菇菇,奶粉,台灣,臺南,
02/01/2026,📅 日常,🐾 寵物,821.00,菇菇,Muji飼料,台灣,臺南,
02/01/2026,📅 日常,🎁 禮物,90.00,菇菇,紙袋,台灣,臺南,
02/01/2026,📅 日常,🧴 日用,99.00,菇菇,印表機線,台灣,臺南,
02/01/2026,📅 日常,🍽️ 飲食,630.00,菇菇,博仁堂,台灣,臺南,
01/31/2026,📅 日常,👶 寶寶,226.00,菇菇,食物剪刀,台灣,臺南,
01/31/2026,✈️ 旅行,🎁 禮物,400.00,過兒,Godiva海鹽巧克力,台灣,桃園,機場給媽咪的伴手禮
01/30/2026,✈️ 旅行,🍽️ 飲食,800.00,過兒,午餐三明治/派/義大利麵,澳洲,雪梨,澳洲博物館
01/30/2026,✈️ 旅行,🎫 門票雜支,280.00,菇菇,旋轉木馬,澳洲,雪梨,
01/30/2026,✈️ 旅行,🍽️ 飲食,"1,092.00",菇菇,Betty's burgur,澳洲,雪梨,
01/30/2026,✈️ 旅行,🍽️ 飲食,Spago義大利麵,菇菇,462,澳洲,雪梨,
01/30/2026,✈️ 旅行,🎁 禮物,132.00,過兒,郵票,澳洲,雪梨,2張
01/29/2026,✈️ 旅行,🏨 住宿,"4,987.00",菇菇,Mercure Sydney,澳洲,墨爾本,
01/29/2026,✈️ 旅行,🍽️ 飲食,110.00,菇菇,Flat white,澳洲,雪梨,
01/29/2026,✈️ 旅行,👶 寶寶,618.00,過兒,Target 短T×5,澳洲,雪梨,Parramatta Westfield 
01/29/2026,✈️ 旅行,👶 寶寶,353.00,過兒,益皮特500g,澳洲,雪梨,Parramatta Westfield 
01/29/2026,✈️ 旅行,🍽️ 飲食,"1,050.00",過兒,Cam on Pho,澳洲,雪梨,
01/29/2026,✈️ 旅行,👶 寶寶,336.00,過兒,益皮特,澳洲,雪梨,
01/29/2026,✈️ 旅行,👗 服飾,735.00,過兒,帽子,澳洲,雪梨,
01/29/2026,✈️ 旅行,🎁 禮物,435.00,過兒,無尾熊,澳洲,雪梨,
01/28/2026,✈️ 旅行,🍽️ 飲食,200.00,過兒,義大利麵午餐,澳洲,雪梨,Coles
01/28/2026,✈️ 旅行,🍽️ 飲食,"1,675.00",菇菇,Cajun seafood,澳洲,雪梨,
01/28/2026,✈️ 旅行,🍽️ 飲食,345.00,菇菇,午餐,澳洲,雪梨,
01/27/2026,✈️ 旅行,🏨 住宿,"7,424.00",菇菇,"Meriton Suites Church Street, Parramatta",澳洲,墨爾本,
01/27/2026,✈️ 旅行,🍽️ 飲食,808.00,過兒,Flour and Stone,澳洲,雪梨,Lamington 蛋糕/派
01/27/2026,✈️ 旅行,🎁 禮物,"1,572.00",菇菇,AO水壺,澳洲,雪梨,
01/27/2026,✈️ 旅行,🍽️ 飲食,175.00,過兒,酸奶餅乾×2,澳洲,雪梨,Coles
01/27/2026,✈️ 旅行,🍽️ 飲食,"1,059.00",菇菇,潮汕人家,澳洲,雪梨,
01/27/2026,✈️ 旅行,🍽️ 飲食,"2,078.00",過兒,伴手禮/早餐,澳洲,雪梨,Coles Parramatta 
01/26/2026,✈️ 旅行,🧴 日用,AO水壺,菇菇,2760,澳洲,雪梨,大小各一
01/26/2026,✈️ 旅行,🍽️ 飲食,185.00,過兒,KOKO BLACK熱可可,澳洲,雪梨,好好喝！classical 
01/26/2026,✈️ 旅行,🧴 日用,"6,811.00",菇菇,Sketcher,澳洲,雪梨,菇菇+過兒
01/26/2026,✈️ 旅行,🎁 禮物,826.00,過兒,KOKO ,澳洲,雪梨,初日幼兒園老師
01/26/2026,✈️ 旅行,🎁 禮物,"4,515.00",過兒,藥妝採購 chemist warehouse ,澳洲,雪梨,乳液/蜂膠/維他命/木瓜霜
01/25/2026,📅 日常,👶 寶寶,206.00,過兒,寶寶襪子,台灣,臺南,蝦皮
01/25/2026,✈️ 旅行,🎁 禮物,315.00,過兒,藍山小耳環,澳洲,雪梨,Echo point 
01/25/2026,✈️ 旅行,🎁 禮物,674.00,菇菇,Kangaroo doll,澳洲,雪梨,
01/25/2026,✈️ 旅行,🍽️ 飲食,"1,125.00",菇菇,藍山午餐,澳洲,雪梨,
01/25/2026,✈️ 旅行,🍽️ 飲食,"1,530.00",菇菇,Woolworth採買,澳洲,雪梨,
01/25/2026,✈️ 旅行,🍽️ 飲食,718.00,過兒, 藍山晚餐,澳洲,雪梨,三明治/蛋糕/雞肉餡餅
01/24/2026,✈️ 旅行,🍽️ 飲食,180.00,菇菇,Yougurt icecream,澳洲,雪梨,
01/24/2026,✈️ 旅行,🍽️ 飲食,704.00,菇菇,Seafood basket ,澳洲,雪梨,
01/24/2026,✈️ 旅行,🎫 門票雜支,"2,896.00",過兒,藍山國家公園纜車套票,澳洲,雪梨,Trip.com
01/24/2026,✈️ 旅行,👶 寶寶,87.00,過兒,游泳圈,澳洲,雪梨,曼利海灘
01/24/2026,✈️ 旅行,🎁 禮物,789.00,菇菇,Starbucks,澳洲,雪梨,杯子、cold brew
01/24/2026,✈️ 旅行,🎁 禮物,840.00,菇菇,Buily dolls,澳洲,雪梨,
01/24/2026,✈️ 旅行,🍽️ 飲食,"2,089.00",過兒,重慶火鍋,澳洲,雪梨,穠穠很愛
01/23/2026,✈️ 旅行,🎁 禮物,702.00,過兒,牛奶/巧克力/優格,澳洲,雪梨,Woolworths 33.45
01/23/2026,✈️ 旅行,🍽️ 飲食,"1,447.00",過兒,披薩義大利麵 Bellucci Cucina,澳洲,雪梨,Eatclub 
01/23/2026,✈️ 旅行,🎁 禮物,809.00,過兒,塔龍加動物園T恤,澳洲,雪梨,給菇菇
01/23/2026,✈️ 旅行,🍽️ 飲食,144.00,過兒,冰淇淋,澳洲,雪梨,動物園
01/23/2026,✈️ 旅行,🎫 門票雜支,210.00,菇菇,Taronga遊園車,澳洲,雪梨,
01/23/2026,✈️ 旅行,🎫 門票雜支,"2,469.00",菇菇,Hop-on Hop-off ferry,澳洲,雪梨,
01/23/2026,✈️ 旅行,🍽️ 飲食,212.00,菇菇,Hungry Jack ,澳洲,雪梨,
01/23/2026,✈️ 旅行,🎁 禮物,809.00,菇菇,Taronga衣服,澳洲,雪梨,
01/22/2026,✈️ 旅行,🍽️ 飲食,504.00,菇菇,Pho,澳洲,雪梨,
01/22/2026,✈️ 旅行,🍽️ 飲食,550.00,菇菇,Yayoi豬排飯,澳洲,雪梨,
01/22/2026,✈️ 旅行,🍽️ 飲食,149.00,菇菇,柳橙汁,澳洲,雪梨,
01/22/2026,✈️ 旅行,🍽️ 飲食,467.00,過兒,草莓西瓜蛋糕,澳洲,雪梨,Black star pastry 
01/22/2026,✈️ 旅行,🍽️ 飲食,353.00,菇菇,Paddy market水果,澳洲,雪梨,
01/22/2026,✈️ 旅行,🍽️ 飲食,921.00,菇菇,潮汕餐廳,澳洲,雪梨,
01/22/2026,✈️ 旅行,🏨 住宿,"16,181.00",菇菇,Value suite green square,澳洲,墨爾本,
01/22/2026,✈️ 旅行,🚗 交通,"8,619.00",菇菇,Qantas機票,澳洲,墨爾本,墨爾本到雪梨
01/21/2026,✈️ 旅行,🍽️ 飲食,483.00,菇菇,Australian pasta,澳洲,墨爾本,
01/21/2026,✈️ 旅行,🍽️ 飲食,110.00,菇菇,Cider,澳洲,墨爾本,
01/21/2026,✈️ 旅行,🍽️ 飲食,450.00,菇菇,Dumpling,澳洲,墨爾本,
01/21/2026,✈️ 旅行,🍽️ 飲食,220.00,菇菇,Pale ale,澳洲,墨爾本,
01/21/2026,✈️ 旅行,🍽️ 飲食,691.00,菇菇,Black sheep kebab ,澳洲,墨爾本,
01/21/2026,✈️ 旅行,🍽️ 飲食,144.00,菇菇,冰淇淋,澳洲,墨爾本,
01/21/2026,✈️ 旅行,🍽️ 飲食,239.00,過兒,Tropical relief ,澳洲,墨爾本,Boost 果汁
01/20/2026,✈️ 旅行,🎁 禮物,336.00,菇菇,Puffer billy 鳥玩具,澳洲,墨爾本,
01/20/2026,✈️ 旅行,🚗 交通,"1,155.00",菇菇,加油,澳洲,墨爾本,
01/20/2026,✈️ 旅行,🍽️ 飲食,854.00,過兒,烤雞義大利麵鹽胡椒飲料晚餐,澳洲,墨爾本,Woolworths 
01/20/2026,✈️ 旅行,🎁 禮物,264.00,菇菇,Puffer Billy磁鐵,澳洲,墨爾本,
01/20/2026,✈️ 旅行,🍽️ 飲食,714.00,菇菇,Lune可頌,澳洲,墨爾本,
01/20/2026,✈️ 旅行,🍽️ 飲食,620.00,菇菇,Puffer billy 午餐,澳洲,墨爾本,
01/19/2026,✈️ 旅行,🎁 禮物,462.00,菇菇,企鵝玩偶&明信片,澳洲,墨爾本,菲利普島
01/19/2026,✈️ 旅行,🍽️ 飲食,179.00,菇菇,蘋果汁,澳洲,墨爾本,
01/19/2026,✈️ 旅行,🍽️ 飲食,560.00,過兒,雞肉派甜甜圈咖啡,澳洲,墨爾本,菲利普島
01/19/2026,✈️ 旅行,🎁 禮物,504.00,菇菇,Good night little penguin ,澳洲,墨爾本,
01/19/2026,✈️ 旅行,🍽️ 飲食,242.00,過兒,義大利麵+可樂,澳洲,墨爾本,墨爾本
01/19/2026,✈️ 旅行,🍽️ 飲食,312.00,菇菇,Flinder kebab,澳洲,墨爾本,
01/19/2026,✈️ 旅行,🎫 門票雜支,"4,410.00",過兒,菲利普島看企鵝（地下層）,澳洲,墨爾本,
01/19/2026,✈️ 旅行,🎫 門票雜支,"1,500.00",過兒,墨爾本月光動物園,澳洲,墨爾本,Klook
01/18/2026,✈️ 旅行,🎁 禮物,333.00,過兒,澳洲小化妝包,澳洲,墨爾本,維多利亞市場
01/18/2026,✈️ 旅行,🎁 禮物,"1,692.00",菇菇,Market lane coffee ,澳洲,墨爾本,
01/18/2026,✈️ 旅行,🎁 禮物,600.00,菇菇,Starbucks杯子,澳洲,墨爾本,
01/18/2026,✈️ 旅行,🍽️ 飲食,313.00,菇菇,"Publique可頌, flat white",澳洲,墨爾本,
01/18/2026,✈️ 旅行,🍽️ 飲食,360.00,菇菇,炒飯,澳洲,墨爾本,
01/18/2026,✈️ 旅行,🍽️ 飲食,423.00,菇菇,甘蔗汁,澳洲,墨爾本,
01/18/2026,✈️ 旅行,🚗 交通,882.00,過兒,Skybus ,澳洲,墨爾本,Return 41.7$
01/18/2026,✈️ 旅行,🚗 交通,882.00,菇菇,Skybus,澳洲,墨爾本,
01/18/2026,✈️ 旅行,🚗 交通,"1,036.00",菇菇,加油,澳洲,墨爾本,
01/17/2026,✈️ 旅行,🏨 住宿,"2,662.00",菇菇,The Canvas apartment,澳洲,墨爾本,
01/17/2026,✈️ 旅行,🍽️ 飲食,380.00,菇菇,Babil kebab,澳洲,墨爾本,
01/17/2026,✈️ 旅行,🍽️ 飲食,"1,131.00",菇菇,Aldi採買,澳洲,墨爾本,
01/17/2026,✈️ 旅行,🍽️ 飲食,"1,488.00",菇菇,12 rocks,澳洲,墨爾本,
01/17/2026,✈️ 旅行,🧴 日用,741.00,菇菇,Campbell雜貨,澳洲,墨爾本,
01/16/2026,✈️ 旅行,🏨 住宿,"6,072.00",菇菇,Sea foam villas,澳洲,墨爾本,
01/16/2026,✈️ 旅行,🍽️ 飲食,952.00,菇菇,龍華中餐館,澳洲,墨爾本,
01/16/2026,✈️ 旅行,🍽️ 飲食,"2,352.00",菇菇,Totti's Lorne 義大利麵,澳洲,墨爾本,
01/15/2026,✈️ 旅行,🚗 交通,"12,035.00",菇菇,租車,澳洲,墨爾本,
01/15/2026,✈️ 旅行,🍽️ 飲食,800.00,菇菇,早餐,澳洲,墨爾本,
01/15/2026,✈️ 旅行,🏨 住宿,"5,182.00",菇菇,Aireys住宿,澳洲,墨爾本,
01/15/2026,✈️ 旅行,🍽️ 飲食,420.00,菇菇,麥當勞+7-11,澳洲,墨爾本,
01/14/2026,✈️ 旅行,🚗 交通,"36,169.00",過兒,澳洲機票,澳洲,墨爾本,"過兒 36,169"
01/14/2026,✈️ 旅行,🚗 交通,"63,654.00",菇菇,澳洲機票,澳洲,墨爾本,"菇 36,169, 菇吉 27,485"
01/14/2026,✈️ 旅行,🍽️ 飲食,110.00,過兒,紅豆餅,台灣,桃園,馬祖新村
01/14/2026,✈️ 旅行,🎁 禮物,570.00,菇菇,鳳梨酥,台灣,桃園,
01/14/2026,✈️ 旅行,🍽️ 飲食,90.00,菇菇,迷客夏,台灣,桃園,
01/14/2026,✈️ 旅行,🍽️ 飲食,640.00,菇菇,台灣雞湯,台灣,桃園,
01/14/2026,📅 日常,👶 寶寶,146.00,過兒,慕之恬廊洗髮慕斯,台灣,臺南,蝦皮
01/14/2026,✈️ 旅行,🛡️ 保險,"3,514.00",過兒,國泰旅平險,澳洲,墨爾本,國泰產險
01/14/2026,✈️ 旅行,📱 通信,660.00,菇菇,澳洲網卡,澳洲,墨爾本,
01/14/2026,✈️ 旅行,🚗 交通,"2,480.00",菇菇,高鐵,台灣,臺南,台南到桃園
01/14/2026,✈️ 旅行,🚗 交通,"101,831.00",菇菇,澳洲機票,澳洲,墨爾本,兩大一小
01/13/2026,📅 日常,🍽️ 飲食,20.00,菇菇,青菜,台灣,臺南,
01/13/2026,📅 日常,🍽️ 飲食,70.00,菇菇,酸辣湯,台灣,臺南,
01/13/2026,📅 日常,🐾 寵物,475.00,菇菇,乾飼料,台灣,臺南,
01/12/2026,📅 日常,🚗 交通,150.00,菇菇,停車費,台灣,高雄,
01/12/2026,📅 日常,🍽️ 飲食,242.00,菇菇,路易莎,台灣,高雄,
01/12/2026,📅 日常,🍽️ 飲食,160.00,菇菇,路易莎,台灣,高雄,
01/11/2026,📅 日常,🍽️ 飲食,"1,445.00",菇菇,湯王,台灣,高雄,
01/10/2026,📅 日常,🍽️ 飲食,699.00,菇菇,福島壽司,台灣,臺南,
01/10/2026,📅 日常,🍽️ 飲食,"1,476.00",菇菇,8818披薩,台灣,臺南,
01/10/2026,📅 日常,👶 寶寶,85.00,菇菇,手繪版,台灣,臺南,
01/10/2026,📅 日常,🧴 日用,350.00,菇菇,RAV4垃圾桶,台灣,臺南,
01/09/2026,📅 日常,🍽️ 飲食,215.00,過兒,蘋果汁,台灣,臺南,新光三越
01/09/2026,📅 日常,🚗 交通,50.00,過兒,停車費,台灣,臺南,新光三越
01/09/2026,📅 日常,💄 美容,"1,380.00",過兒,隱形眼鏡30p×4,台灣,臺南,新光三越
01/09/2026,📅 日常,🍽️ 飲食,800.00,菇菇,咖啡豆,台灣,臺南,
01/09/2026,📅 日常,🚗 交通,75.00,過兒,停車費,台灣,臺南,新光三越
01/09/2026,📅 日常,🍽️ 飲食,"1,496.00",菇菇,老乾杯,台灣,臺南,
01/08/2026,📅 日常,🍽️ 飲食,167.00,過兒,牛奶雞蛋,台灣,臺南,小市場
01/08/2026,📅 日常,🚗 交通,150.00,菇菇,停車費,台灣,高雄,
01/07/2026,📅 日常,💄 美容,100.00,過兒,剪瀏海,台灣,臺南,Moon salon
01/07/2026,📅 日常,🏥 醫療,290.00,過兒,新樓中醫,台灣,臺南,趙家儀
01/07/2026,📅 日常,🚗 交通,"1,208.00",菇菇,RAV4加油,台灣,高雄,
01/06/2026,📅 日常,🧴 日用,"1,612.00",菇菇,印表機感光鼓,台灣,臺南,
01/06/2026,📅 日常,🍽️ 飲食,588.00,過兒,媽媽約會午餐,台灣,臺南,豆腐村
01/06/2026,📅 日常,🍽️ 飲食,218.00,過兒,翰林茶館,台灣,臺南,滷味+珍奶
01/05/2026,📅 日常,🍽️ 飲食,253.00,過兒,北海道採購,台灣,臺南,牛奶雞蛋
01/04/2026,📅 日常,🎁 禮物,搓搓樂,菇菇,135,台灣,臺南,
01/03/2026,📅 日常,🍽️ 飲食,299.00,過兒,麝香葡萄,台灣,臺南,水果店
01/03/2026,📅 日常,👶 寶寶,343.00,過兒,慶生派對用品,台灣,臺南,蝦皮
01/03/2026,📅 日常,🍽️ 飲食,946.00,過兒,墨西哥餐廳,台灣,臺南,晚餐
01/02/2026,📅 日常,🚗 交通,70.00,菇菇,停車費,台灣,臺南,
01/02/2026,📅 日常,🎮 娛樂,479.00,菇菇,YouTube,台灣,臺南,
01/02/2026,📅 日常,👶 寶寶,694.00,過兒,外出磁力片/磁力積木/貼紙書,台灣,臺南,蝦皮
01/02/2026,📅 日常,🍽️ 飲食,55.00,菇菇,路易莎,台灣,臺北,
01/02/2026,📅 日常,🎁 禮物,660.00,菇菇,深緣及水,台灣,臺南,
01/02/2026,📅 日常,🚗 交通,"2,670.00",菇菇,高鐵,台灣,臺南,
01/01/2026,📅 日常,🎁 禮物,590.00,菇菇,深緣及水,台灣,臺南,
01/01/2026,📅 日常,🍽️ 飲食,295.00,菇菇,北海道採買,台灣,臺南,
01/01/2026,📅 日常,🍽️ 飲食,240.00,菇菇,林聰明砂鍋魚頭,台灣,臺南,
12/31/2025,📅 日常,🍽️ 飲食,60.00,菇菇,麥噹噹,台灣,臺南,
12/31/2025,📅 日常,🚗 交通,150.00,菇菇,停車費,台灣,高雄,
12/30/2025,📅 日常,🚗 交通,150.00,菇菇,停車費,台灣,高雄,
12/30/2025,📅 日常,🧴 日用,230.00,過兒,追蹤器,台灣,臺南,蝦皮
12/30/2025,📅 日常,💄 美容,470.00,過兒,頭髮蜜粉×2,台灣,臺南,蝦皮
12/30/2025,📅 日常,🚗 交通,945.00,菇菇,加油,台灣,臺南,
12/29/2025,📅 日常,🚗 交通,150.00,菇菇,停車費,台灣,高雄,
12/29/2025,📅 日常,🍽️ 飲食,353.00,過兒,北海道採買,台灣,臺南,北海道/牛奶/優酪乳/雞蛋
12/29/2025,📅 日常,👶 寶寶,361.00,過兒,撈魚玩具,台灣,臺南,蝦皮
12/29/2025,📅 日常,📄 稅金,"1,428.00",過兒,留停健保費,台灣,臺南,11月
12/29/2025,📅 日常,👶 寶寶,369.00,過兒,汽座防水墊,台灣,臺南,蝦皮
12/28/2025,📅 日常,👶 寶寶,"1,086.00",過兒,尿布XL138/波力學習筷,台灣,臺南,酷朋
12/28/2025,📅 日常,👶 寶寶,956.00,菇菇,尿布L,台灣,臺南,
12/27/2025,📅 日常,🍽️ 飲食,240.00,菇菇,水果,台灣,臺南,
12/27/2025,📅 日常,🍽️ 飲食,290.00,菇菇,火雞肉飯,台灣,臺南,
12/27/2025,📅 日常,🍽️ 飲食,680.00,菇菇,皮耶諾,台灣,臺南,
12/26/2025,📅 日常,📱 通信,502.00,過兒,台哥大電信費,台灣,臺南,11&12月
12/26/2025,✈️ 旅行,🚗 交通,"1,519.00",過兒,加拿大機票,加拿大,溫哥華,過兒機票大韓航空選位
12/25/2025,📅 日常,🍽️ 飲食,916.00,菇菇,北海道火鍋料,台灣,臺南,
12/24/2025,📅 日常,🍽️ 飲食,80.00,菇菇,咖啡,台灣,高雄,
12/23/2025,📅 日常,🐾 寵物,464.00,菇菇,貓砂,台灣,臺南,
12/23/2025,📅 日常,🧴 日用,670.00,菇菇,家樂福採買,台灣,臺南,
12/23/2025,📅 日常,🚗 交通,150.00,菇菇,停車費,台灣,高雄,
12/22/2025,📅 日常,🚗 交通,150.00,菇菇,停車費,台灣,高雄,
12/22/2025,📅 日常,🧴 日用,70.00,菇菇,洗車,台灣,高雄,
12/22/2025,📅 日常,🚗 交通,"1,260.00",菇菇,加油,台灣,高雄,
12/21/2025,📅 日常,👶 寶寶,700.00,過兒,豆吉收涎饅頭,台灣,臺南,白河小阿姨 丸玩小饅頭
12/21/2025,📅 日常,🚗 交通,60.00,菇菇,停車費,台灣,臺南,
12/21/2025,📅 日常,🍽️ 飲食,920.00,菇菇,kura壽司,台灣,臺南,
12/20/2025,📅 日常,🎫 門票雜支,200.00,過兒,考古館門票,台灣,臺南,
12/20/2025,📅 日常,🍽️ 飲食,630.00,過兒,羊肉晚餐,台灣,臺南,新化
12/19/2025,📅 日常,🍽️ 飲食,170.00,菇菇,開元路麵線,台灣,臺南,
12/19/2025,📅 日常,🏥 醫療,907.00,菇菇,澳洲疫苗,台灣,臺南,
12/19/2025,📅 日常,👗 服飾,880.00,過兒,耳環×2,台灣,臺南,大遠百omuse 
12/19/2025,📅 日常,🧴 日用,304.00,菇菇,北海道採買,台灣,臺南,
12/18/2025,📅 日常,🧴 日用,59.00,過兒,食鹽水,台灣,臺南,康是美
12/18/2025,📅 日常,🎁 禮物,350.00,過兒,過兒媽檸檬老爺爺生日蛋糕,台灣,臺南,狸小路
12/14/2025,✈️ 旅行,🏨 住宿,"7,068.00",菇菇,泰國住宿,台灣,臺南,
12/14/2025,✈️ 旅行,🚗 交通,"8,782.00",菇菇,泰國機票,台灣,臺南,
12/13/2025,📅 日常,🍽️ 飲食,360.00,過兒,牛肉麵豬肉麵,台灣,高雄,小樹市集吃午餐
12/13/2025,📅 日常,👶 寶寶,"1,000.00",過兒,高雄愛河小樹市集,台灣,高雄,小樹市集
12/12/2025,📅 日常,👶 寶寶,"5,170.00",菇菇,廖彩杏淘寶,台灣,臺南,
12/12/2025,📅 日常,📚 教育,722.00,過兒,納瓦爾寶典/圖解英文字典,台灣,臺南,誠品蝦皮
12/12/2025,📅 日常,🏥 醫療,200.00,過兒,心理諮商,台灣,臺南,樂而康
12/12/2025,📅 日常,🏥 醫療,220.00,過兒,新樓中醫,台灣,臺南,感冒調養
12/11/2025,📅 日常,🍽️ 飲食,89.00,菇菇,墨爾本,台灣,臺南,
12/11/2025,📅 日常,🍽️ 飲食,160.00,菇菇,路易莎,台灣,高雄,
12/11/2025,📅 日常,🧴 日用,79.00,菇菇,浴廁泡泡清潔劑,台灣,臺南,
12/11/2025,📅 日常,🚗 交通,150.00,菇菇,150,台灣,高雄,
12/10/2025,📅 日常,🍽️ 飲食,120.00,菇菇,路易莎,台灣,高雄,
12/10/2025,📅 日常,🚗 交通,150.00,菇菇,停車費,台灣,高雄,
12/09/2025,📅 日常,🚗 交通,150.00,菇菇,停車費,台灣,高雄,
12/09/2025,📅 日常,🍽️ 飲食,45.00,過兒,麵包,台灣,臺南,全家
12/09/2025,📅 日常,🎮 娛樂,536.00,過兒,Spotify ,台灣,臺南,一年
12/09/2025,📅 日常,🚗 交通,"1,245.00",菇菇,RAV4加油,台灣,高雄,
12/08/2025,📅 日常,🏥 醫療,"3,760.00",菇菇,澳洲疫苗,台灣,臺南,
12/08/2025,📅 日常,🍽️ 飲食,75.00,過兒,娜杯珍珠紅茶拿鐵,台灣,臺南,迷克夏
12/07/2025,📅 日常,👶 寶寶,"1,214.00",菇菇,鞋子,台灣,臺南,
12/06/2025,✈️ 旅行,🎮 娛樂,"3,034.00",菇菇,Puffing Billy Railway,澳洲,墨爾本,
12/06/2025,📅 日常,🧴 日用,650.00,菇菇,Google One,台灣,臺南,
12/05/2025,📅 日常,🍽️ 飲食,"1,335.00",菇菇,黑毛屋,台灣,臺南,
12/04/2025,📅 日常,🍽️ 飲食,32.00,菇菇,飲料,台灣,高雄,
12/04/2025,📅 日常,🚗 交通,150.00,菇菇,停車費,台灣,高雄,
12/04/2025,📅 日常,🧴 日用,65.00,菇菇,Google Drive,台灣,臺南,
12/03/2025,📅 日常,🎮 娛樂,479.00,菇菇,YouTube,台灣,臺南,
12/03/2025,📅 日常,🍽️ 飲食,30.00,菇菇,飲料,台灣,高雄,
12/03/2025,📅 日常,🚗 交通,150.00,菇菇,停車費,台灣,高雄,
12/02/2025,📅 日常,🍽️ 飲食,66.00,菇菇,麥噹噹,台灣,高雄,
12/02/2025,📅 日常,🚗 交通,150.00,菇菇,停車費,台灣,高雄,
12/01/2025,📅 日常,🧴 日用,527.00,過兒,小夜燈/磁吸線/定位器,台灣,臺南,蝦皮
12/01/2025,📅 日常,🧴 日用,773.00,過兒,衣櫃收納抽屜,台灣,臺南,蝦皮
12/01/2025,📅 日常,🍽️ 飲食,32.00,菇菇,飲料,台灣,高雄,
12/01/2025,📅 日常,🚗 交通,150.00,菇菇,停車費,台灣,高雄,
12/01/2025,📅 日常,🚗 交通,70.00,菇菇,洗車,台灣,高雄,
12/01/2025,📅 日常,🚗 交通,"1,175.00",菇菇,RAV4加油,台灣,高雄,
11/30/2025,📅 日常,🍽️ 飲食,470.00,菇菇,午餐,台灣,臺南,7-11
11/30/2025,📅 日常,🍽️ 飲食,130.00,菇菇,家樂福,台灣,臺南,
11/30/2025,📅 日常,🍽️ 飲食,660.00,菇菇,斑鳩的窩,台灣,臺南,
11/29/2025,📅 日常,🍽️ 飲食,80.00,過兒,蓮藕茶,台灣,臺南,
11/28/2025,📅 日常,🍽️ 飲食,"1,001.00",過兒,漢來上海湯包,台灣,臺南,菇菇慶生
11/28/2025,📅 日常,👶 寶寶,"1,200.00",過兒,妙可適益生菌滴劑,台灣,臺南,陳治宇
11/28/2025,📅 日常,🏥 醫療,450.00,過兒,豆吉+媽媽看皮膚,台灣,臺南,陳治宇
11/28/2025,📅 日常,🍽️ 飲食,320.00,菇菇,大福,台灣,臺南,
11/28/2025,📅 日常,🏥 醫療,290.00,過兒,新樓中醫,台灣,臺南,趙家儀
11/27/2025,📅 日常,🧴 日用,858.00,過兒,護貝機+膠膜,台灣,臺南,蝦皮
11/27/2025,📅 日常,👶 寶寶,"1,346.00",過兒,雅漾乳液+理膚AP沐浴露,台灣,臺南,蝦皮
11/26/2025,📅 日常,🚗 交通,150.00,菇菇,停車費,台灣,高雄,
11/26/2025,📅 日常,🧴 日用,598.00,過兒,抽屜櫃×2,台灣,臺南,宜得立
11/26/2025,📅 日常,🍽️ 飲食,110.00,過兒,翰林珍奶,台灣,臺南,南紡/過兒媽
11/26/2025,📅 日常,🍽️ 飲食,358.00,過兒,丸龜烏龍麵,台灣,臺南,南紡/過兒媽
11/25/2025,📅 日常,🚗 交通,150.00,菇菇,停車費,台灣,高雄,
11/24/2025,📅 日常,🚗 交通,150.00,菇菇,停車費,台灣,高雄,
11/24/2025,📅 日常,🧴 日用,89.00,菇菇,垃圾袋,台灣,臺南,
11/23/2025,📅 日常,🍽️ 飲食,"2,597.00",菇菇,咖啡生豆,台灣,臺南,
11/23/2025,📅 日常,🚗 交通,974.00,菇菇,RAV4加油,台灣,臺南,
11/22/2025,📅 日常,🧴 日用,"17,688.00",過兒,Acer筆電,台灣,臺南,MOMO 
11/22/2025,📅 日常,👶 寶寶,490.00,過兒,安寶適益生菌,台灣,臺南,MOMO 
11/22/2025,📅 日常,🍽️ 飲食,933.00,菇菇,北海道採買,台灣,臺南,
11/22/2025,📅 日常,🍽️ 飲食,"1,068.00",菇菇,奇美義薩芭蒂義大利麵燉飯,台灣,臺南,
11/22/2025,📅 日常,🏠 住房物業,650.00,過兒,一點絕×2,台灣,臺南,蝦皮
11/21/2025,📅 日常,🍽️ 飲食,480.00,菇菇,萬客樓,台灣,臺南,
11/21/2025,📅 日常,🍽️ 飲食,60.00,菇菇,珍珠奶茶,台灣,臺南,
11/21/2025,📅 日常,🏠 住房物業,"4,400.00",菇菇,免治維修,台灣,臺南,
11/20/2025,📅 日常,🍽️ 飲食,134.00,菇菇,麥噹噹,台灣,高雄,
11/20/2025,📅 日常,🚗 交通,150.00,菇菇,停車費,台灣,高雄,
11/19/2025,📅 日常,🚗 交通,150.00,菇菇,停車費,台灣,高雄,
11/19/2025,📅 日常,🧴 日用,510.00,菇菇,垃圾桶,台灣,臺南,
11/18/2025,📅 日常,🍽️ 飲食,222.00,菇菇,北海道採買,台灣,臺南,
11/17/2025,📅 日常,🚗 交通,870.00,菇菇,RAV4加油,台灣,新竹,
11/17/2025,📅 日常,🍽️ 飲食,59.00,菇菇,早餐,台灣,苗栗,
11/16/2025,✈️ 旅行,🏨 住宿,"2,250.00",菇菇,真菌年會住宿,台灣,苗栗,
11/16/2025,📅 日常,🍽️ 飲食,55.00,菇菇,咖啡,台灣,苗栗,
11/16/2025,📅 日常,🍽️ 飲食,45.00,菇菇,早餐,台灣,臺南,
11/14/2025,📅 日常,🐾 寵物,829.00,菇菇,貓飼料,台灣,臺南,
11/14/2025,📅 日常,👶 寶寶,"7,100.00",菇菇,打疫苗,台灣,臺南,腸病毒 輪狀兩劑型
11/14/2025,📅 日常,🧴 日用,186.00,菇菇,淘寶運費,台灣,臺南,
11/13/2025,📅 日常,🚗 交通,150.00,菇菇,停車費,台灣,高雄,
11/12/2025,📅 日常,👶 寶寶,400.00,菇菇,Chicco baby hug輪子,台灣,臺南,
11/12/2025,📅 日常,🚗 交通,"1,187.00",菇菇,RAV4加油,台灣,臺南,
11/11/2025,📅 日常,🧴 日用,"1,139.00",菇菇,鐵力士架,台灣,臺南,
11/11/2025,📅 日常,📚 教育,"2,760.00",過兒,廖采杏第一階段13本+點讀筆,台灣,臺南,蝦皮
11/11/2025,📅 日常,👶 寶寶,"1,691.00",過兒,洗鼻器/牙線棒,台灣,臺南,蝦皮
11/11/2025,📅 日常,👶 寶寶,"1,429.00",過兒,托嬰床墊/泳帽/水槽刷,台灣,臺南,蝦皮
11/11/2025,📅 日常,👶 寶寶,125.00,過兒,月份卡片/推車被子夾,台灣,臺南,蝦皮
11/11/2025,📅 日常,👶 寶寶,"1,317.00",過兒,PPSU 奶瓶×4/酒精濕紙巾/知母時環,台灣,臺南,蝦皮
11/11/2025,📅 日常,🧴 日用,241.00,過兒,波力學習筷+收納盒,台灣,臺南,
11/11/2025,📅 日常,🧴 日用,535.00,過兒,怡悅 HEPA濾心（抗菌版）適用米家 小米,台灣,臺南,MOMO 雙11
11/11/2025,📅 日常,🧴 日用,945.00,過兒,澳佳寶 金盞花葉黃素×2,台灣,臺南,MOMO 雙11
11/11/2025,📅 日常,🎮 娛樂,"7,224.00",過兒,萬國行李箱/eminent 萬國通路 28吋 KK60,台灣,臺南,MOMO 雙11
11/10/2025,📅 日常,🧴 日用,100.00,菇菇,垃圾袋 門縫條,台灣,臺南,
11/10/2025,📅 日常,🚗 交通,150.00,菇菇,停車費,台灣,高雄,
11/09/2025,📅 日常,👶 寶寶,800.00,過兒,小樹市集衣服/玩具/貝親奶瓶×5,台灣,臺南,史博館
11/08/2025,📅 日常,🍽️ 飲食,70.00,菇菇,飲料,台灣,臺南,
11/07/2025,📅 日常,🚗 交通,150.00,菇菇,停車費,台灣,高雄,
11/07/2025,📅 日常,🚗 交通,70.00,菇菇,洗車,台灣,高雄,
11/06/2025,📅 日常,🧴 日用,650.00,菇菇,Google One,台灣,臺南,
11/05/2025,📅 日常,🚗 交通,150.00,菇菇,停車費,台灣,高雄,
11/05/2025,📅 日常,🍽️ 飲食,317.00,菇菇,飲料lab,台灣,高雄,
11/05/2025,📅 日常,🎁 禮物,100.00,過兒,郵寄衣服給點點,台灣,臺南,點點女兒劉宣羽
11/05/2025,📅 日常,🍽️ 飲食,195.00,過兒,50嵐珍奶,台灣,臺南,3杯
11/04/2025,📅 日常,🧴 日用,65.00,菇菇,Google Drive,台灣,臺南,
11/04/2025,📅 日常,🍽️ 飲食,335.00,菇菇,永記,台灣,臺南,
11/04/2025,📅 日常,👶 寶寶,156.00,菇菇,NacNac奶嘴,台灣,臺南,
11/04/2025,📅 日常,👶 寶寶,314.00,菇菇,NacNac奶嘴,台灣,臺南,
11/03/2025,📅 日常,🎮 娛樂,479.00,菇菇,YouTube,台灣,臺南,
11/03/2025,📅 日常,👶 寶寶,"3,347.00",過兒,明治樂樂Q貝×6（3000）+康撫膏+nacnac奶嘴,台灣,臺南,微笑寶寶
11/02/2025,📅 日常,👶 寶寶,"7,170.00",過兒,滿意寶寶+電動沙灘車,台灣,臺南,MOMO
11/02/2025,📅 日常,🧴 日用,550.00,過兒,氣泡水鋼瓶,台灣,臺南,MOMO/ 菇菇生日禮物
11/02/2025,📅 日常,🧴 日用,"2,853.00",過兒,大研生醫好睡眠芝麻素,台灣,臺南,Momo(4盒）
11/02/2025,📅 日常,🚗 交通,"1,284.00",菇菇,RAV4 加油,台灣,臺南,
11/01/2025,📅 日常,🏥 醫療,200.00,菇菇,新樓中醫,台灣,臺南,趙家儀
11/01/2025,📅 日常,🏥 醫療,235.00,過兒,新樓中醫+停車,台灣,臺南,趙家儀
11/01/2025,📅 日常,🍽️ 飲食,610.00,過兒,粘記牛肉麵,台灣,臺南,媽媽+弟弟
10/31/2025,📅 日常,🧴 日用,85.00,菇菇,掛號郵資×3,台灣,臺南,郵局
10/30/2025,📅 日常,🍽️ 飲食,45.00,菇菇,飲料,台灣,高雄,
10/30/2025,📅 日常,🚗 交通,150.00,菇菇,停車費,台灣,高雄,
10/30/2025,📅 日常,🧴 日用,373.00,菇菇,月曆,台灣,臺南,
10/30/2025,📅 日常,👶 寶寶,"14,180.00",菇菇,S26金愛兒樂奶粉,台灣,臺南,400g×48(業務賣）
10/29/2025,📅 日常,🚗 交通,150.00,菇菇,停車費,台灣,高雄,
10/28/2025,📅 日常,🚗 交通,150.00,菇菇,停車費,台灣,高雄,
10/28/2025,📅 日常,🎁 禮物,440.00,過兒,點點生日禮物,台灣,臺南,星巴克餐券
10/27/2025,📅 日常,🐾 寵物,168.00,菇菇,水草,台灣,臺南,
10/27/2025,📅 日常,🚗 交通,150.00,菇菇,停車費,台灣,臺南,
10/27/2025,📅 日常,👗 服飾,548.00,過兒,Adidas 遮陽帽,台灣,臺南,龍哥團購
10/26/2025,📅 日常,🍽️ 飲食,95.00,菇菇,晴天包子,台灣,臺南,
10/25/2025,📅 日常,🧴 日用,399.00,過兒,充氣腳蹬,台灣,臺南,蝦皮
10/24/2025,📅 日常,👶 寶寶,"1,250.00",菇菇,XL尿布,台灣,臺南,
10/24/2025,📅 日常,📱 通信,535.00,過兒,台灣大哥大,台灣,臺南,9&10月
10/23/2025,📅 日常,🍽️ 飲食,115.00,過兒,50嵐,台灣,臺南,送一杯給月嫂大
10/23/2025,📅 日常,🚗 交通,"1,340.00",菇菇,RAV4加油,台灣,高雄,
10/23/2025,📅 日常,🚗 交通,150.00,菇菇,停車費,台灣,高雄,
10/23/2025,📅 日常,🍽️ 飲食,190.00,過兒,柿子蘋果,台灣,臺南,北海道
10/23/2025,📅 日常,👶 寶寶,400.00,過兒,小哈氟,台灣,臺南,丁丁藥局
10/23/2025,📅 日常,👶 寶寶,309.00,過兒,穠穠內褲,台灣,臺南,丁丁藥局
10/21/2025,📅 日常,🎫 門票雜支,600.00,過兒,UMC識別證車證遺失罰款,台灣,臺南,育嬰留停
10/21/2025,📅 日常,🚗 交通,150.00,菇菇,停車費,台灣,高雄,
10/20/2025,📅 日常,🚗 交通,150.00,菇菇,停車費,台灣,高雄,
10/20/2025,📅 日常,🍽️ 飲食,45.00,菇菇,飯糰,台灣,高雄,
10/20/2025,📅 日常,🧴 日用,206.00,過兒,收納櫃,台灣,臺南,蝦皮
10/20/2025,📅 日常,🧴 日用,249.00,過兒,滑軌櫃子,台灣,臺南,蝦皮
10/18/2025,📅 日常,👶 寶寶,"39,000.00",菇菇,月嫂,台灣,臺南,一半+5000菜錢
10/18/2025,📅 日常,🍽️ 飲食,90.00,菇菇,點心,台灣,臺南,雞蛋糕 泰奶
10/17/2025,📅 日常,🍽️ 飲食,740.00,菇菇,家樂福採買,台灣,臺南,
10/17/2025,📅 日常,🍽️ 飲食,65.00,菇菇,早餐,台灣,臺南,
10/17/2025,📅 日常,🧴 日用,403.00,過兒,寶寶時鐘/收納袋,台灣,臺南,蝦皮
10/16/2025,📅 日常,🍽️ 飲食,95.00,菇菇,早餐,台灣,臺南,
10/16/2025,📅 日常,🚗 交通,70.00,菇菇,RAV4洗車,台灣,高雄,
10/16/2025,📅 日常,🚗 交通,"1,128.00",菇菇,RAV4加油,台灣,高雄,
10/16/2025,📅 日常,🍽️ 飲食,119.00,菇菇,麥噹噹,台灣,高雄,
10/15/2025,📅 日常,🍽️ 飲食,135.00,菇菇,午餐,台灣,臺北,台鐵便當+全家飲料
10/15/2025,📅 日常,🎁 禮物,500.00,過兒,樂作捐款,台灣,臺南,過兒
10/15/2025,📅 日常,🎁 禮物,"2,100.00",過兒,世界展望會捐款,台灣,臺南,過兒
10/15/2025,📅 日常,🍽️ 飲食,89.00,菇菇,麥當勞早餐,台灣,臺北,
10/14/2025,📅 日常,🍽️ 飲食,987.00,菇菇,家樂福採買,台灣,臺南,
10/14/2025,📅 日常,🚗 交通,"1,350.00",菇菇,高鐵,台灣,臺南,國科會複審會議
10/12/2025,📅 日常,🍽️ 飲食,74.00,菇菇,北海道採買,台灣,臺南,
10/12/2025,📅 日常,🍽️ 飲食,795.00,菇菇,貳樓早午餐,台灣,臺南,
10/12/2025,📅 日常,🍽️ 飲食,159.00,菇菇,牛奶,台灣,臺南,北海道
10/12/2025,📅 日常,🍽️ 飲食,207.00,過兒,阿輝黑輪,台灣,臺南,午餐
10/12/2025,📅 日常,🐾 寵物,95.00,菇菇,寵物飼料,台灣,臺南,魚中魚
10/12/2025,📅 日常,🧴 日用,"1,134.00",菇菇,密封袋/碎末器/時鐘/收納箱,台灣,臺南,宜得利
10/11/2025,📅 日常,🍽️ 飲食,165.00,菇菇,鹹酥雞,台灣,臺南,
10/11/2025,📅 日常,🍽️ 飲食,84.00,菇菇,北海道採買,台灣,臺南,
10/11/2025,📅 日常,🍽️ 飲食,185.00,菇菇,王記鍋貼,台灣,臺南,
10/11/2025,📅 日常,🧴 日用,330.00,菇菇,法壓壺 分享壺,台灣,臺南,
10/11/2025,📅 日常,🐾 寵物,580.00,菇菇,水族用品,台灣,臺南,
10/10/2025,📅 日常,🐾 寵物,"1,110.00",菇菇,斑馬魚 養魚器材,台灣,臺南,
10/09/2025,📅 日常,🧴 日用,423.00,過兒,口罩/行動電源/小鬧鐘,台灣,臺南,蝦皮
10/09/2025,📅 日常,🚗 交通,"1,280.00",菇菇,RAV4加油,台灣,臺南,
10/08/2025,📅 日常,👶 寶寶,"5,000.00",過兒,月嫂買菜金,台灣,臺南,
10/08/2025,📅 日常,🍽️ 飲食,31.00,菇菇,飲料,台灣,高雄,
10/08/2025,📅 日常,🚗 交通,150.00,菇菇,停車費,台灣,高雄,
10/07/2025,📅 日常,🍽️ 飲食,109.00,菇菇,麥噹噹,台灣,高雄,
10/07/2025,📅 日常,🚗 交通,150.00,菇菇,停車費,台灣,高雄,
10/07/2025,📅 日常,🍽️ 飲食,616.00,過兒,舊振南油飯蛋糕試吃,台灣,臺南,
10/07/2025,📅 日常,🎁 禮物,"3,000.00",過兒,芥菜種會捐款/花蓮,台灣,臺南,For 菇菇
10/07/2025,📅 日常,🎁 禮物,"8,000.00",過兒,芥菜種會捐款,台灣,臺南,豆吉
10/06/2025,📅 日常,🧴 日用,"1,130.00",過兒,古寶洗髮沐浴,台灣,臺南,
10/06/2025,📅 日常,🍽️ 飲食,484.00,過兒,西堤,台灣,臺南,中秋節大餐
10/06/2025,📅 日常,🧴 日用,650.00,菇菇,Google訂閱,台灣,臺南,
10/05/2025,📅 日常,🍽️ 飲食,190.00,菇菇,鹹酥雞,台灣,臺南,
10/05/2025,📅 日常,🍽️ 飲食,234.00,菇菇,北海道採買,台灣,臺南,
10/05/2025,📅 日常,🍽️ 飲食,170.00,菇菇,越皇晚餐,台灣,臺南,
10/05/2025,📅 日常,👶 寶寶,"1,779.00",過兒,穠穠衣服短褲/外套/背心,台灣,臺南,Lativ 
10/04/2025,📅 日常,🍽️ 飲食,75.00,菇菇,起司棒 養樂多,台灣,臺南,
10/04/2025,📅 日常,👶 寶寶,"5,000.00",菇菇,豆吉寶寶寫真,台灣,臺南,奧爾Our
10/03/2025,📅 日常,🎮 娛樂,479.00,菇菇,YouTube,台灣,臺南,
10/03/2025,📅 日常,🏥 醫療,450.00,過兒,流感疫苗掛號費,台灣,臺南,候世婷診所
10/03/2025,📅 日常,🧴 日用,450.00,過兒,公費流感疫苗,台灣,臺南,
10/03/2025,📅 日常,🍽️ 飲食,315.00,菇菇,冊子試吃,台灣,臺南,
10/03/2025,📅 日常,👶 寶寶,"3,950.00",過兒,豆吉新生兒自費檢查,台灣,臺南,
10/02/2025,📅 日常,🧴 日用,50.00,菇菇,燈泡,台灣,臺南,
10/01/2025,📅 日常,🧴 日用,205.00,菇菇,北海道採買,台灣,臺南,
10/01/2025,📅 日常,🚗 交通,150.00,菇菇,停車費,台灣,高雄,
10/01/2025,📅 日常,🧴 日用,328.00,過兒,口罩/奶嘴鏈,台灣,臺南,蝦皮
10/01/2025,📅 日常,🧴 日用,"1,130.00",過兒,古寶無患子,台灣,臺南,
10/01/2025,📅 日常,👶 寶寶,"1,511.00",過兒,寶乖亞Biogaia 60*2,台灣,臺南,IHerb
10/01/2025,📅 日常,🏥 醫療,294.00,過兒,BHI抗組織胺,台灣,臺南,IHerb
10/01/2025,📅 日常,💄 美容,597.00,過兒,愛爾康隱形眼鏡保養液*4,台灣,臺南,
10/01/2025,📅 日常,🧴 日用,138.00,過兒,清淨海洗碗精,台灣,臺南,酷朋
10/01/2025,📅 日常,🎁 禮物,"1,200.00",過兒,樂作捐款/黑色布包,台灣,臺南,
09/30/2025,📅 日常,🚗 交通,150.00,菇菇,停車費,台灣,高雄,
09/30/2025,📅 日常,🍽️ 飲食,320.00,菇菇,飲料,台灣,高雄,Lab meeting
09/30/2025,📅 日常,👶 寶寶,359.00,過兒,汽車遮陽簾,台灣,臺南,
09/30/2025,📅 日常,🐾 寵物,504.00,菇菇,貓罐頭,台灣,臺南,
09/29/2025,📅 日常,🚗 交通,"1,129.00",菇菇,RAV4加油,台灣,高雄,
09/29/2025,📅 日常,🍽️ 飲食,"5,000.00",菇菇,月嫂買菜,台灣,臺南,
09/29/2025,📅 日常,👶 寶寶,"39,000.00",菇菇,月嫂,台灣,臺南,
09/29/2025,📅 日常,🚗 交通,90.00,菇菇,洗車,台灣,高雄,RAV4 
09/29/2025,📅 日常,🧴 日用,"2,261.00",菇菇,淘寶,台灣,臺南,邊桌、手機架
09/28/2025,📅 日常,🚗 交通,"1,129.00",菇菇,RAV4加油,台灣,高雄,
09/28/2025,📅 日常,🍽️ 飲食,610.00,菇菇,晚餐,台灣,臺南,牛排
09/28/2025,📅 日常,🍽️ 飲食,370.00,菇菇,午餐,台灣,臺南,肯德基+楊媽媽
09/28/2025,📅 日常,👗 服飾,"1,680.00",過兒,Bonjour 小白鞋,台灣,臺南,
09/27/2025,📅 日常,🍽️ 飲食,"1,168.00",菇菇,全聯採買,台灣,臺南,
09/27/2025,📅 日常,🧴 日用,50.00,菇菇,3W燈泡,台灣,臺南,
09/27/2025,📅 日常,🧴 日用,"1,800.00",菇菇,鐵門遙控,台灣,臺南,
09/26/2025,📅 日常,👶 寶寶,"1,215.00",菇菇,妙可適滴劑+D,台灣,臺南,杏一
09/26/2025,📅 日常,👶 寶寶,408.00,菇菇,尿布 防蚊液,台灣,臺南,
09/25/2025,📅 日常,🍽️ 飲食,130.00,菇菇,北海道,台灣,臺南,
09/25/2025,📅 日常,🍽️ 飲食,400.00,過兒,彌月試吃,台灣,臺南,蔚旭 Wesh
09/25/2025,📅 日常,🍽️ 飲食,777.00,過兒,彌月試吃,台灣,臺南,波波諾諾 bobonono
09/24/2025,📅 日常,🍽️ 飲食,340.00,菇菇,拉麵,台灣,高雄,
09/24/2025,📅 日常,🚗 交通,225.00,菇菇,計程車,台灣,臺中,
09/24/2025,📅 日常,🚗 交通,150.00,菇菇,停車費,台灣,高雄,
09/24/2025,📅 日常,👶 寶寶,140.00,菇菇,午餐,台灣,高雄,
09/24/2025,📅 日常,🚗 交通,150.00,菇菇,停車費,台灣,高雄,
09/23/2025,📅 日常,👶 寶寶,"1,050.00",菇菇,幫寶適NB尿布,台灣,臺南,216片/酷朋
09/23/2025,📅 日常,🧴 日用,658.00,過兒,溢乳墊/凡士林護唇膏,台灣,臺南,Momo
09/22/2025,📅 日常,🚗 交通,"1,254.00",菇菇,RAV4加油,台灣,高雄,
09/22/2025,📅 日常,🚗 交通,150.00,菇菇,停車費,台灣,高雄,
09/22/2025,📅 日常,🍽️ 飲食,77.00,菇菇,拿鐵,台灣,高雄,路易莎
09/22/2025,📅 日常,🍽️ 飲食,45.00,菇菇,飯糰,台灣,臺南,
09/21/2025,📅 日常,🐾 寵物,468.00,菇菇,貓砂,台灣,臺南,
09/21/2025,📅 日常,🍽️ 飲食,490.00,菇菇,洪城牛肉麵,台灣,臺南,
09/21/2025,📅 日常,👶 寶寶,408.00,過兒,寶寶後照鏡/拼圖/計時器,台灣,臺南,蝦皮
09/21/2025,📅 日常,🍽️ 飲食,175.00,菇菇,牛奶,台灣,臺南,
09/21/2025,📅 日常,🍽️ 飲食,160.00,菇菇,DonQ麵包,台灣,臺南,
09/21/2025,📅 日常,🍽️ 飲食,150.00,菇菇,糖村蛋糕,台灣,臺南,
09/20/2025,📅 日常,👶 寶寶,776.00,菇菇,嬰兒包巾,台灣,臺南,
09/20/2025,📅 日常,👶 寶寶,300.00,菇菇,紗布包巾,台灣,臺南,
09/20/2025,📅 日常,🧴 日用,105.00,菇菇,北海道,台灣,臺南,
09/20/2025,📅 日常,👶 寶寶,"2,180.00",菇菇,大樹奶粉,台灣,臺南,
09/20/2025,📅 日常,👶 寶寶,354.00,菇菇,圓孔SS奶嘴,台灣,臺南,
09/20/2025,📅 日常,🏠 住房物業,"1,500.00",過兒,蓄水池清理+疏通,台灣,臺南,德東好鄰居
09/19/2025,📅 日常,🍽️ 飲食,342.00,菇菇,北海道採買,台灣,臺南,
09/19/2025,📅 日常,🎁 禮物,385.00,過兒,生日禮物,台灣,臺南,成育
09/19/2025,📅 日常,👶 寶寶,"4,000.00",菇菇,豆吉寄養費,台灣,臺南,
09/19/2025,📅 日常,👶 寶寶,703.00,過兒,S26 奶粉/ 棉花棒,台灣,臺南,大樹
09/18/2025,📅 日常,🚗 交通,150.00,菇菇,停車費,台灣,高雄,
09/18/2025,📅 日常,🍽️ 飲食,67.00,菇菇,午餐,台灣,高雄,全家
09/18/2025,📅 日常,🍽️ 飲食,70.00,菇菇,鹹酥雞,台灣,臺南,
09/18/2025,📅 日常,🍽️ 飲食,429.00,菇菇,全聯,台灣,臺南,
09/18/2025,📅 日常,👶 寶寶,"76,279.00",菇菇,過兒住院,台灣,臺南,
09/17/2025,📅 日常,💄 美容,300.00,過兒,洗髮,台灣,臺南,Moon saloon 
09/17/2025,📅 日常,🚗 交通,"1,000.00",菇菇,停車費,台灣,臺南,新樓
09/16/2025,📅 日常,👶 寶寶,936.00,菇菇,月中浴巾,台灣,臺南,
09/16/2025,📅 日常,👶 寶寶,30.00,菇菇,戶口名簿,台灣,臺南,
09/16/2025,📅 日常,🍽️ 飲食,330.00,菇菇,過兒生日蛋糕,台灣,臺南,
09/16/2025,📅 日常,🍽️ 飲食,85.00,菇菇,午餐,台灣,臺南,
09/15/2025,📅 日常,🍽️ 飲食,40.00,菇菇,仙草凍,台灣,臺南,
09/15/2025,📅 日常,🍽️ 飲食,70.00,菇菇,午餐,台灣,臺南,
09/15/2025,📅 日常,🍽️ 飲食,80.00,菇菇,咖啡,台灣,臺南,7-11
09/15/2025,📅 日常,🍽️ 飲食,79.00,菇菇,早餐,台灣,臺南,全家
09/14/2025,📅 日常,👶 寶寶,219.00,菇菇,印章,台灣,臺南,
09/14/2025,📅 日常,🍽️ 飲食,104.00,菇菇,晚餐,台灣,臺南,全家
09/14/2025,📅 日常,🍽️ 飲食,80.00,菇菇,午餐,台灣,臺南,旗魚炒飯
09/14/2025,📅 日常,🍽️ 飲食,50.00,菇菇,7-11咖啡,台灣,臺南,
09/14/2025,📅 日常,🍽️ 飲食,80.00,菇菇,早餐,台灣,臺南,
09/13/2025,📅 日常,📚 教育,604.00,過兒,風車學習巴士123,台灣,臺南,弟弟出生送哥哥禮物
09/13/2025,📅 日常,🍽️ 飲食,197.00,菇菇,麥噹噹,台灣,臺南,
09/13/2025,📅 日常,🧴 日用,12.00,菇菇,可彎曲吸管,台灣,臺南,
09/13/2025,📅 日常,🚗 交通,60.00,菇菇,停車費,台灣,臺南,
09/12/2025,📅 日常,💄 美容,"1,355.00",菇菇,衣服,台灣,臺南,
09/12/2025,📅 日常,🚗 交通,695.00,菇菇,加油,台灣,臺南,
09/11/2025,📅 日常,🚗 交通,"13,865.00",過兒,FIT 車險,台灣,臺南, 明台產險
09/11/2025,📅 日常,🍽️ 飲食,310.00,過兒,Woosa,台灣,臺南,佩佩約會
09/11/2025,📅 日常,🍽️ 飲食,68.00,菇菇,麥當勞,台灣,高雄,
09/11/2025,📅 日常,🚗 交通,150.00,菇菇,停車費,台灣,高雄,
09/10/2025,📅 日常,👶 寶寶,100.00,過兒,臨水夫人拜拜香油錢,台灣,臺南,
09/10/2025,📅 日常,👶 寶寶,145.00,過兒,新樓產檢,台灣,臺南,掛號+停車
09/10/2025,📅 日常,🍽️ 飲食,80.00,過兒,蓮藕茶,台灣,臺南,
09/10/2025,📅 日常,👶 寶寶,493.00,過兒,小獅王奶嘴/香草奶嘴,台灣,臺南,微笑寶寶
09/10/2025,📅 日常,🍽️ 飲食,820.00,菇菇,家樂福採買,台灣,臺南,
09/10/2025,📅 日常,🍽️ 飲食,"1,300.00",菇菇,山大廚房,台灣,臺南,過兒生日大餐
09/09/2025,📅 日常,🧴 日用,"1,877.00",菇菇,電費,台灣,臺南,
09/08/2025,📅 日常,🚗 交通,150.00,菇菇,停車,台灣,高雄,
09/08/2025,✈️ 旅行,🚗 交通,"1,321.00",菇菇,RAV4加油,台灣,臺南,
09/08/2025,📅 日常,🍽️ 飲食,"1,754.00",過兒,家樂福採買,台灣,臺南,1040即享+714菇菇
09/08/2025,✈️ 旅行,🍽️ 飲食,740.00,菇菇,魔幻咖啡,台灣,屏東,
09/08/2025,✈️ 旅行,🍽️ 飲食,155.00,菇菇,星巴克,台灣,屏東,
09/08/2025,✈️ 旅行,🍽️ 飲食,485.00,菇菇,巴哥早餐,台灣,屏東,
09/07/2025,✈️ 旅行,🍽️ 飲食,55.00,菇菇,牛奶 茶葉蛋,台灣,屏東,
09/07/2025,✈️ 旅行,🍽️ 飲食,865.00,菇菇,墾丁晚餐 主廚先生,台灣,屏東,
09/07/2025,✈️ 旅行,🍽️ 飲食,648.00,菇菇,海生館午餐,台灣,屏東,
09/07/2025,✈️ 旅行,🎫 門票雜支,832.00,過兒,屏東海生館,台灣,屏東,KKDAY
09/07/2025,✈️ 旅行,🍽️ 飲食,235.00,過兒,早餐,台灣,屏東,墾丁
09/06/2025,✈️ 旅行,🍽️ 飲食,600.00,過兒,墾丁大街晚餐,台灣,屏東,
09/06/2025,✈️ 旅行,🍽️ 飲食,84.00,過兒,冰淇淋 蛋,台灣,屏東,
09/06/2025,✈️ 旅行,🏨 住宿,"4,285.00",菇菇,南方太陽民宿,台灣,屏東,
09/06/2025,✈️ 旅行,🍽️ 飲食,760.00,菇菇,午餐,台灣,屏東,
09/05/2025,📅 日常,💄 美容,"2,000.00",過兒,嬌生隱形眼鏡月拋,台灣,臺南,
09/05/2025,📅 日常,🍽️ 飲食,59.00,過兒,蛋黃派,台灣,臺南,菇菇愛吃的
09/05/2025,📅 日常,👶 寶寶,"5,000.00",過兒,妙可適益生菌,台灣,臺南,杏一
09/05/2025,📅 日常,🏥 醫療,90.00,過兒,安南中醫,台灣,臺南,賴建銘
09/03/2025,📅 日常,🎮 娛樂,479.00,菇菇,YouTube,台灣,臺南,
09/02/2025,📅 日常,🚗 交通,60.00,過兒,新樓停車費,台灣,臺南,產檢
09/02/2025,📅 日常,👶 寶寶,200.00,過兒,弟弟產檢,台灣,臺南,W36
09/02/2025,📅 日常,🚗 交通,150.00,菇菇,停車費,台灣,高雄,
09/02/2025,📅 日常,🚗 交通,70.00,菇菇,洗車,台灣,高雄,
09/02/2025,📅 日常,🚗 交通,"1,328.00",菇菇,RAV4加油,台灣,高雄,
09/01/2025,📅 日常,🚗 交通,150.00,菇菇,停車費,台灣,高雄,
08/31/2025,📅 日常,🍽️ 飲食,156.00,菇菇,烏弄飲料,台灣,臺南,
08/31/2025,📅 日常,🍽️ 飲食,45.00,菇菇,飲料,台灣,高雄,
08/31/2025,📅 日常,🚗 交通,停車費,菇菇,25,台灣,高雄,
08/31/2025,📅 日常,🍽️ 飲食,130.00,菇菇,午餐,台灣,高雄,
08/31/2025,📅 日常,🍽️ 飲食,70.00,菇菇,早餐,台灣,高雄,
08/30/2025,📅 日常,🍽️ 飲食,444.00,過兒,麵包蛋糕,台灣,臺南,馬可先生
08/29/2025,📅 日常,👶 寶寶,135.00,過兒,弟弟產檢,台灣,臺南,新樓醫院
08/29/2025,📅 日常,🍽️ 飲食,330.00,過兒,老泰羊肉,台灣,臺南,七夕情人節快樂
08/29/2025,📅 日常,🏥 醫療,200.00,菇菇,圓禿,台灣,臺南,
08/28/2025,📅 日常,🎁 禮物,749.00,過兒,CE2下午茶請客,台灣,臺南,
08/28/2025,📅 日常,🚗 交通,745.00,過兒,FIT加油,台灣,臺南,
08/28/2025,📅 日常,🍽️ 飲食,246.00,菇菇,麥噹噹,台灣,高雄,
08/28/2025,📅 日常,🚗 交通,150.00,菇菇,停車費,台灣,高雄,
08/28/2025,📅 日常,🎁 禮物,65.00,菇菇,全家抹茶,台灣,高雄,
08/27/2025,📅 日常,👶 寶寶,124.00,菇菇,抽抽樂,台灣,臺南,
08/26/2025,📅 日常,🚗 交通,150.00,菇菇,停車費,台灣,高雄,
08/26/2025,📅 日常,📱 通信,493.00,過兒,台哥大電信費,台灣,臺南,6&7月
08/26/2025,📅 日常,📱 通信,"1,229.00",菇菇,中華電信,台灣,臺南,
08/25/2025,📅 日常,💄 美容,50.00,菇菇,剪髮,台灣,臺南,菇菇
08/25/2025,📅 日常,🚗 交通,"1,214.00",菇菇,Rav4 加油,台灣,臺南,台糖
08/25/2025,📅 日常,👶 寶寶,752.00,過兒,Bbox 保溫水壺/小獅王吸管組,台灣,臺南,蝦皮
08/24/2025,📅 日常,🚗 交通,20.00,菇菇,停車費,台灣,臺南,
08/24/2025,📅 日常,🍽️ 飲食,125.00,過兒,謙備伯冰店,台灣,臺南,青鯤鯓
08/24/2025,📅 日常,🍽️ 飲食,"2,800.00",過兒,土城海產,台灣,臺南,
08/24/2025,📅 日常,📚 教育,200.00,過兒,小光抵家活動,台灣,臺南,
08/23/2025,📅 日常,🏥 醫療,152.00,過兒,安南醫院中醫,台灣,臺南,
08/23/2025,📅 日常,🧴 日用,236.00,菇菇,家樂福,台灣,臺南,
08/23/2025,📅 日常,🍽️ 飲食,"1,080.00",菇菇,午餐,台灣,臺南,洋城
08/23/2025,📅 日常,🍽️ 飲食,"1,696.00",過兒,享溫馨滴雞精×30,台灣,臺南,蝦皮
08/23/2025,📅 日常,🍽️ 飲食,725.00,過兒,藻油+護唇膏,台灣,臺南,酷朋
08/22/2025,📅 日常,🏥 醫療,105.00,過兒,新樓產檢,台灣,臺南,35w
08/22/2025,📅 日常,📱 通信,"1,088.00",菇菇,台哥大,台灣,臺南,
08/22/2025,📅 日常,🍽️ 飲食,250.00,過兒,土雞肉飯晚餐,台灣,臺南,
08/21/2025,📅 日常,🚗 交通,150.00,菇菇,停車費,台灣,高雄,
08/19/2025,📅 日常,🚗 交通,150.00,菇菇,停車費,台灣,高雄,
08/19/2025,📅 日常,🏥 醫療,330.00,過兒,名蔚中醫產前調理,台灣,臺南,
08/19/2025,📅 日常,🧴 日用,40.00,菇菇,秀珍菇,台灣,高雄,上課用
08/18/2025,📅 日常,👶 寶寶,202.00,菇菇,菇吉沐浴球,台灣,臺南,
08/18/2025,📅 日常,🐾 寵物,747.00,菇菇,Muji飼料,台灣,臺南,
08/18/2025,📅 日常,🚗 交通,"1,044.00",菇菇,RAV4加油,台灣,臺南,
08/18/2025,📅 日常,🍽️ 飲食,109.00,菇菇,麥噹噹,台灣,高雄,
08/18/2025,📅 日常,🚗 交通,150.00,菇菇,停車費,台灣,高雄,
08/17/2025,📅 日常,🚗 交通,175.00,過兒,新光三越停車,台灣,臺南,紅一家來玩
08/17/2025,📅 日常,🍽️ 飲食,970.00,過兒,海安牛肉食堂,台灣,臺南,紅一家來玩
08/17/2025,📅 日常,🍽️ 飲食,160.00,過兒,蓮藕茶,台灣,臺南,紅來玩
08/16/2025,📅 日常,🍽️ 飲食,609.00,過兒,北海道採買,台灣,臺南,火鍋食材/牛奶/香蕉
08/16/2025,📅 日常,🎮 娛樂,"15,000.00",菇菇,巨星孕婦照,台灣,臺南,
08/15/2025,📅 日常,🏥 醫療,200.00,菇菇,圓禿,台灣,臺南,
08/15/2025,📅 日常,🍽️ 飲食,100.00,菇菇,義豐冬瓜茶,台灣,臺南,2杯
08/15/2025,📅 日常,🧴 日用,670.00,菇菇,淘寶,台灣,臺南,手機繩 usb線
08/15/2025,📅 日常,🏠 住房物業,"1,877.00",菇菇,電費,台灣,臺南,
08/14/2025,📅 日常,🚗 交通,150.00,菇菇,停車費,台灣,高雄,
08/14/2025,📅 日常,🍽️ 飲食,109.00,菇菇,麥噹噹,台灣,高雄,
08/13/2025,📅 日常,🚗 交通,742.00,過兒,FIT加油,台灣,臺南,
08/12/2025,📅 日常,🏠 住房物業,"1,232.00",菇菇,中華電信網路市話,台灣,臺南,
08/12/2025,📅 日常,🍽️ 飲食,474.00,過兒,全聯採買,台灣,臺南,冷凍水餃菇菇麵粉蔓越莓乾
08/12/2025,📅 日常,🍽️ 飲食,95.00,過兒,榨菜肉絲麵燙青菜,台灣,臺南,南應大
08/12/2025,📅 日常,🍽️ 飲食,65.00,過兒,迷克夏珍奶,台灣,臺南,
08/12/2025,📅 日常,🍽️ 飲食,70.00,菇菇,麥噹噹,台灣,高雄,
08/12/2025,📅 日常,🚗 交通,210.00,菇菇,停車費,台灣,高雄,
08/11/2025,📅 日常,🏠 住房物業,"2,500.00",菇菇,洗外牆,台灣,臺南,
08/11/2025,📅 日常,🍽️ 飲食,114.00,菇菇,午餐,台灣,臺南,
08/10/2025,📅 日常,🍽️ 飲食,"2,261.00",菇菇,菇家父親節大餐,台灣,臺南,醉月樓
08/08/2025,📅 日常,🧴 日用,195.00,菇菇,剪頭髮充電線 花灑固定架,台灣,臺南,
08/08/2025,📅 日常,🚗 交通,"1,136.00",菇菇,RAV4加油,台灣,臺南,
08/08/2025,📅 日常,🍽️ 飲食,565.00,過兒,父親節午餐,台灣,臺南,
08/07/2025,📅 日常,🚗 交通,150.00,菇菇,停車費,台灣,高雄,
08/07/2025,📅 日常,🎮 娛樂,70.00,菇菇,Line貼圖,台灣,臺南,
08/07/2025,📅 日常,👶 寶寶,865.00,過兒,新表飛鳴益生菌,台灣,臺南,4罐，儷宇代購
08/06/2025,📅 日常,🚗 交通,20.00,菇菇,停車費,台灣,臺南,
08/06/2025,📅 日常,👶 寶寶,330.00,過兒,郭綜合產檢掛號費,台灣,臺南,打疫苗
08/06/2025,📅 日常,👶 寶寶,"7,680.00",過兒,孕婦RSV疫苗,台灣,臺南,郭綜合醫院
08/06/2025,📅 日常,🍽️ 飲食,"1,220.00",菇菇,壽司郎,台灣,臺南,接第一天下午放學的幼幼穠吃晚餐
08/06/2025,📅 日常,🚗 交通,150.00,菇菇,停車費,台灣,高雄,
08/06/2025,📅 日常,🧴 日用,650.00,菇菇,Google 1訂閱,台灣,臺南,
08/06/2025,📅 日常,🧴 日用,"2,214.00",菇菇,Surfshark,台灣,臺南,27個月
08/05/2025,📅 日常,🍽️ 飲食,279.00,菇菇,全聯採買,台灣,臺南,
08/05/2025,📅 日常,👶 寶寶,237.00,菇菇,菇吉圓形餐盒,台灣,臺南,
08/05/2025,📅 日常,👶 寶寶,780.00,菇菇,菇吉長方形餐盒,台灣,臺南,
08/04/2025,📅 日常,🚗 交通,255.00,菇菇,停車費,台灣,高雄,
08/04/2025,📅 日常,🍽️ 飲食,921.00,菇菇,聚餐晚餐,台灣,高雄,
08/04/2025,📅 日常,🍽️ 飲食,79.00,菇菇,全家午餐,台灣,高雄,
08/03/2025,📅 日常,🍽️ 飲食,629.00,過兒,晴天包子,台灣,臺南,
08/03/2025,📅 日常,🍽️ 飲食,269.00,菇菇,全聯,台灣,臺南,
08/03/2025,📅 日常,🚗 交通,"1,290.00",菇菇,RAV4加油,台灣,臺南,
08/02/2025,📅 日常,🎮 娛樂,479.00,菇菇,YouTube,台灣,臺南,
08/02/2025,📅 日常,🍽️ 飲食,376.00,菇菇,北海道採買,台灣,臺南,菜 泡麵 雞蛋
08/01/2025,📅 日常,🍽️ 飲食,470.00,過兒,晚餐-曖含光,台灣,臺南,
08/01/2025,📅 日常,🍽️ 飲食,126.00,菇菇,奇美包子饅頭,台灣,臺南,
08/01/2025,📅 日常,🍽️ 飲食,800.00,菇菇,Kura壽司,台灣,臺南,
08/01/2025,📅 日常,🧴 日用,204.00,菇菇,北海道採買,台灣,臺南,
07/31/2025,📅 日常,🚗 交通,"3,507.00",菇菇,RAV4保養,台灣,臺南,
07/31/2025,📅 日常,🍽️ 飲食,187.00,菇菇,麥當勞,台灣,高雄,
07/31/2025,📅 日常,🚗 交通,90.00,菇菇,停車費,台灣,高雄,
07/30/2025,📅 日常,🚗 交通,150.00,菇菇,停車費,台灣,高雄,
07/30/2025,📅 日常,👶 寶寶,180.00,過兒,寶寶拼圖,台灣,臺南,
07/29/2025,📅 日常,🛡️ 保險,700.00,過兒,機車保險,台灣,臺南,
07/29/2025,📅 日常,📄 稅金,"5,250.00",過兒,FIT&機車燃油稅,台灣,臺南,4800+450
07/28/2025,📅 日常,📚 教育,"2,963.00",菇菇,Claude Ai subscription,台灣,臺南,Max
07/28/2025,📅 日常,🍽️ 飲食,49.00,菇菇,北海道採買,台灣,臺南,
07/28/2025,📅 日常,🍽️ 飲食,942.00,過兒,全聯採買,台灣,臺南,蔬菜肉牛奶優酪乳菇菇
07/28/2025,📅 日常,🚗 交通,150.00,菇菇,停車費 ,台灣,高雄,
07/27/2025,✈️ 旅行,🍽️ 飲食,748.00,過兒,嘉義晚餐築日食堂,台灣,嘉義,
07/27/2025,✈️ 旅行,🍽️ 飲食,50.00,過兒,紅茶,台灣,嘉義,故宮南院
07/27/2025,✈️ 旅行,🎫 門票雜支,150.00,過兒,蒜頭糖廠五分車,台灣,嘉義,
07/27/2025,✈️ 旅行,🍽️ 飲食,160.00,菇菇,午餐,台灣,嘉義,鵝油拌飯米血
07/27/2025,✈️ 旅行,🍽️ 飲食,30.00,過兒,四味果汁,台灣,嘉義,
07/26/2025,✈️ 旅行,🍽️ 飲食,245.00,過兒,午餐,台灣,嘉義,蕭老師火雞肉飯
07/26/2025,📅 日常,🍽️ 飲食,100.00,菇菇,早餐,台灣,臺南,小時候大餅
07/26/2025,✈️ 旅行,🏨 住宿,"5,828.00",菇菇,嘉義觀止/燒肉觀止,台灣,嘉義,結婚紀念日/穠穠托嬰畢業旅行
07/25/2025,📅 日常,👶 寶寶,200.00,菇菇,圓禿,台灣,臺南,
07/25/2025,📅 日常,🚗 交通,40.00,菇菇,停車費,台灣,臺南,
07/25/2025,📅 日常,🍽️ 飲食,108.00,過兒,珍奶,台灣,臺南,請儷宇生日禮物
07/25/2025,📅 日常,🚗 交通,881.00,過兒,FIT加油,台灣,臺南,
07/25/2025,📅 日常,💄 美容,50.00,菇菇,菇吉剪頭髮,台灣,臺南,
07/25/2025,📅 日常,🍽️ 飲食,114.00,菇菇,丹丹漢堡,台灣,臺南,
07/24/2025,📅 日常,🚗 交通,15.00,菇菇,停車費,台灣,高雄,
07/24/2025,📅 日常,🚗 交通,"1,231.00",菇菇,RAV4加油,台灣,高雄,
07/23/2025,📅 日常,🍽️ 飲食,159.00,過兒,麵包,台灣,臺南,南紡
07/23/2025,📅 日常,🧴 日用,187.00,過兒,手機支架氣囊名片卡,台灣,臺南,光南
07/23/2025,📅 日常,🚗 交通,150.00,菇菇,停車費,台灣,高雄,
07/22/2025,📅 日常,🚗 交通,150.00,菇菇,停車費,台灣,高雄,
07/22/2025,📅 日常,🍽️ 飲食,85.00,過兒,北海道採買,台灣,臺南,優酪乳
07/22/2025,📅 日常,🧴 日用,174.00,菇菇,送審論文,台灣,高雄,
07/21/2025,📅 日常,🧴 日用,226.00,過兒,不鏽鋼杯/垃圾袋/洗衣機,台灣,臺南,蝦皮
07/21/2025,📅 日常,🍽️ 飲食,109.00,菇菇,麥噹噹,台灣,高雄,
07/21/2025,📅 日常,🚗 交通,18.00,過兒,FIT 停車費,台灣,臺南,忘記何時停車了
07/21/2025,📅 日常,🚗 交通,150.00,菇菇,停車費,台灣,高雄,
07/20/2025,📅 日常,👶 寶寶,"10,601.00",菇菇,成長型汽座,台灣,臺南,Alevate + Bold
07/20/2025,📅 日常,👗 服飾,514.00,過兒,隱形內衣/內褲,台灣,臺南,寶雅
07/20/2025,📅 日常,🧴 日用,111.00,菇菇,滑鼠包,台灣,臺南,
07/20/2025,📅 日常,🧴 日用,"1,088.00",菇菇,滑鼠,台灣,臺南,
07/19/2025,✈️ 旅行,🎫 門票雜支,684.00,過兒,綠世界門票+遊園車,台灣,新竹,Trip.com
07/19/2025,✈️ 旅行,🍽️ 飲食,10.00,過兒,茶葉蛋,台灣,新竹,北埔老街
07/19/2025,✈️ 旅行,🚗 交通,90.00,菇菇,停車費,台灣,新竹,北埔老街
07/19/2025,✈️ 旅行,🍽️ 飲食,300.00,過兒,金皮油,台灣,新竹,北埔老街
07/19/2025,✈️ 旅行,🍽️ 飲食,160.00,過兒,鹹湯圓/炒粄條,台灣,新竹,北埔老街
07/19/2025,📅 日常,🍽️ 飲食,45.00,過兒,豆花冰,台灣,新竹,北埔老街
07/19/2025,✈️ 旅行,🍽️ 飲食,200.00,過兒,北埔草仔粿,台灣,新竹,北埔老街
07/19/2025,✈️ 旅行,🍽️ 飲食,200.00,過兒,北埔鹹豬肉,台灣,新竹,
07/19/2025,✈️ 旅行,🚗 交通,90.00,菇菇,停車費,台灣,新竹,
07/19/2025,📅 日常,🍽️ 飲食,65.00,過兒,FIN/優酪乳,台灣,新竹,
07/19/2025,✈️ 旅行,🍽️ 飲食,70.00,菇菇,路易莎咖啡,台灣,新竹,
07/19/2025,✈️ 旅行,🚗 交通,"1,116.00",菇菇,Rav4 加油,台灣,新竹,
07/19/2025,✈️ 旅行,🍽️ 飲食,295.00,過兒,金山街早餐,台灣,新竹,
07/18/2025,✈️ 旅行,👶 寶寶,49.00,過兒,寶寶衣服,台灣,新竹,麗嬰房
07/18/2025,✈️ 旅行,🍽️ 飲食,660.00,菇菇,八二晚餐將軍村,台灣,新竹,
07/18/2025,✈️ 旅行,🎁 禮物,550.00,菇菇,米粉,台灣,新竹,
07/18/2025,✈️ 旅行,🎁 禮物,400.00,過兒,福源芝麻花生糖,台灣,新竹,
07/18/2025,✈️ 旅行,🍽️ 飲食,90.00,菇菇,珍珠奶茶,台灣,新竹,
07/18/2025,✈️ 旅行,🍽️ 飲食,640.00,菇菇,咖啡豆,台灣,新竹,
07/18/2025,✈️ 旅行,🍽️ 飲食,160.00,菇菇,早餐,台灣,新竹,
07/17/2025,✈️ 旅行,🍽️ 飲食,384.00,菇菇,晚餐,台灣,雲林,
07/17/2025,✈️ 旅行,🏨 住宿,"2,000.00",過兒,新竹住宿,台灣,新竹,聯電金山宿舍
07/16/2025,📅 日常,🚗 交通,150.00,菇菇,停車費,台灣,高雄,
07/16/2025,📅 日常,🧴 日用,375.00,菇菇,升等論文集,台灣,高雄,
07/15/2025,📅 日常,🎁 禮物,"2,100.00",過兒,世界展望會捐款,台灣,臺南,認養兒童
07/15/2025,📅 日常,🐾 寵物,952.00,菇菇,貓咪肉泥,台灣,臺南,2罐
07/15/2025,📅 日常,🚗 交通,150.00,菇菇,停車費,台灣,高雄,
07/15/2025,📅 日常,🎁 禮物,"2,100.00",過兒,捐款,台灣,臺南,世界展望會3個月
07/15/2025,📅 日常,🍽️ 飲食,"1,975.00",過兒,好睡眠芝麻素膠囊,台灣,臺南,2盒/MOMO 
07/14/2025,📅 日常,🍽️ 飲食,39.00,過兒,全聯採買,台灣,臺南,洋蔥蘋果
07/14/2025,📅 日常,🚗 交通,"1,260.00",菇菇,RAV4加油,台灣,高雄,
07/14/2025,📅 日常,🚗 交通,150.00,菇菇,停車費,台灣,高雄,
07/14/2025,📅 日常,👶 寶寶,"1,326.00",過兒,午餐袋/枕頭/棉被袋,台灣,臺南,蝦皮
07/14/2025,📅 日常,🧴 日用,580.00,過兒,不鏽鋼杯/玻璃樂扣盒,台灣,臺南,蝦皮
07/14/2025,📅 日常,👶 寶寶,"1,660.00",菇菇,菇吉幼稚園書包,台灣,臺南,
07/13/2025,📅 日常,🍽️ 飲食,90.00,菇菇,星巴克輕乳酪蛋糕,台灣,臺南,
07/13/2025,📅 日常,🎮 娛樂,699.00,菇菇,4K電視棒,台灣,臺南,菇家電視棒
07/13/2025,📅 日常,🧴 日用,"1,209.00",過兒,衣領精/落建/善存,台灣,臺南,酷朋
07/12/2025,✈️ 旅行,🎫 門票雜支,460.00,過兒,潮州鐵道公園,台灣,屏東,門票+火車+紅蘿蔔飼料
07/12/2025,📅 日常,🏠 住房物業,"1,300.00",過兒,抽化糞池水肥,台灣,臺南,德東社區團購
07/12/2025,✈️ 旅行,🍽️ 飲食,439.00,菇菇,潮麵,台灣,屏東,
07/12/2025,✈️ 旅行,🍽️ 飲食,65.00,菇菇,全家咖啡,台灣,屏東,
07/12/2025,✈️ 旅行,🍽️ 飲食,65.00,菇菇,燒冷冰,台灣,屏東,
07/12/2025,✈️ 旅行,🍽️ 飲食,285.00,菇菇,青城青國,台灣,屏東,潮州午餐
07/11/2025,📅 日常,🍽️ 飲食,45.00,過兒,北海道採買,台灣,臺南,雞蛋
07/10/2025,📅 日常,🏥 醫療,200.00,菇菇,皮膚科,台灣,臺南,
07/10/2025,📅 日常,🍽️ 飲食,134.00,菇菇,麥噹噹早餐,台灣,高雄,
07/09/2025,📅 日常,🚗 交通,150.00,菇菇,停車費,台灣,高雄,
07/09/2025,📅 日常,🍽️ 飲食,204.00,菇菇,北海道採買,台灣,臺南,牛奶雞蛋
07/08/2025,📅 日常,🚗 交通,"1,248.00",菇菇,RAV4加油,台灣,高雄,
07/08/2025,📅 日常,🚗 交通,150.00,菇菇,停車費,台灣,高雄,
07/07/2025,📅 日常,📚 教育,65.00,菇菇,Google drive,台灣,臺南,
07/07/2025,📅 日常,🍽️ 飲食,"1,505.00",菇菇,咖啡豆,台灣,臺南,
07/07/2025,📅 日常,🍽️ 飲食,915.00,過兒,家樂福採買,台灣,臺南,Edenred 支付
07/07/2025,📅 日常,📚 教育,650.00,過兒,Google One,台灣,臺南,100G
07/06/2025,📅 日常,👶 寶寶,205.00,過兒,穠穠內褲,台灣,臺南,蝦皮4件
07/06/2025,📅 日常,🍽️ 飲食,930.00,過兒,家樂福採買,台灣,臺南,Edenred 支付
07/06/2025,📅 日常,🏠 住房物業,"1,144.00",菇菇,電費,台灣,臺南,
07/05/2025,📅 日常,👗 服飾,"2,700.00",菇菇,皮鞋,台灣,臺南,
07/05/2025,📅 日常,👶 寶寶,600.00,過兒,產檢,台灣,臺南,百日咳（2000）掛號+拿藥
07/05/2025,📅 日常,🎮 娛樂,"4,980.00",菇菇,孕婦寫真全家福,台灣,臺南,台南巨星婚紗
07/05/2025,📅 日常,👶 寶寶,"1,600.00",菇菇,產檢,台灣,臺南,百日咳疫苗2000
07/05/2025,📅 日常,🍽️ 飲食,539.00,菇菇,黃記肉包,台灣,臺南,我們家、菇家、過兒家、我姐家
07/05/2025,📅 日常,🍽️ 飲食,70.00,菇菇,早餐,台灣,臺南,
07/04/2025,📅 日常,🍽️ 飲食,410.00,菇菇,全聯,台灣,臺南,牛奶、蛋、小魚乾
07/04/2025,📅 日常,🍽️ 飲食,135.00,菇菇,鍋燒意麵,台灣,臺南,春吉
07/04/2025,📅 日常,🍽️ 飲食,40.00,過兒,蔥油餅加蛋,台灣,臺南,UMC早餐
07/03/2025,📅 日常,🍽️ 飲食,33.00,菇菇,飲料,台灣,高雄,
07/03/2025,📅 日常,🚗 交通,150.00,菇菇,停車費,台灣,高雄,
07/03/2025,📅 日常,🎮 娛樂,479.00,菇菇,YouTube,台灣,臺南,
07/02/2025,📅 日常,📚 教育,95.00,過兒,瑜珈課,台灣,臺南,UMC瑜珈課
07/02/2025,📅 日常,🚗 交通,763.00,過兒,FIT加油,台灣,臺南,台糖加油站
07/02/2025,📅 日常,🚗 交通,150.00,菇菇,停車費,台灣,高雄,
07/01/2025,📅 日常,🍽️ 飲食,204.00,過兒,牛奶雞蛋,台灣,臺南,北海道
07/01/2025,📅 日常,🍽️ 飲食,109.00,菇菇,麥噹噹,台灣,高雄,
07/01/2025,📅 日常,🍽️ 飲食,75.00,過兒,全家咖啡,台灣,高雄,小農拿鐵
07/01/2025,📅 日常,🍽️ 飲食,40.00,過兒,牛奶,台灣,臺南,7-11 Dr. Milker
07/01/2025,📅 日常,🚗 交通,150.00,菇菇,停車費,台灣,高雄,
07/01/2025,📅 日常,🏠 住房物業,308.00,菇菇,水費,台灣,臺南,
06/30/2025,📅 日常,📄 稅金,"54,335.00",過兒,113所得稅,台灣,臺南,總計109660
06/30/2025,📅 日常,📄 稅金,"55,325.00",菇菇,113所得稅,台灣,臺南,總計109660
06/30/2025,📅 日常,🎁 禮物,500.00,過兒,同事寶寶彌月餅乾,台灣,臺南,Lucy 雷絜羽
06/30/2025,📅 日常,🚗 交通,"1,320.00",菇菇,RAV4加油,台灣,高雄,
06/30/2025,📅 日常,📱 通信,493.00,過兒,台灣大哥大通信費,台灣,臺南,6月份帳單
06/30/2025,📅 日常,🍽️ 飲食,8.00,過兒,茶葉蛋,台灣,臺南,7-11
06/30/2025,📅 日常,🍽️ 飲食,425.00,菇菇,麥噹噹,台灣,高雄,實驗室大掃除請客
06/30/2025,📅 日常,👶 寶寶,448.00,過兒,學習褲+隔尿墊（蝦皮）,台灣,臺南,蝦皮
06/30/2025,📅 日常,🚗 交通,150.00,菇菇,停車費,台灣,高雄,
06/28/2025,📅 日常,📚 教育,"2,963.00",菇菇,Claude Ai subscription,台灣,臺南,Max
06/27/2025,📅 日常,🍽️ 飲食,125.00,菇菇,鍋燒意麵,台灣,臺南,
06/27/2025,📅 日常,🍽️ 飲食,417.00,菇菇,全聯,台灣,臺南,
06/26/2025,📅 日常,🚗 交通,150.00,菇菇,停車費,台灣,高雄,
06/26/2025,📅 日常,👶 寶寶,"17,800.00",菇菇,夏綠蒂托嬰,台灣,臺南,
06/25/2025,📅 日常,🍽️ 飲食,100.00,菇菇,全聯,台灣,臺南,
06/25/2025,📅 日常,🚗 交通,150.00,菇菇,停車費,台灣,高雄,
06/24/2025,📅 日常,🍽️ 飲食,"2,340.00",菇菇,福客來,台灣,高雄,
06/24/2025,📅 日常,🚗 交通,150.00,菇菇,停車費,台灣,高雄,
06/24/2025,📅 日常,🍽️ 飲食,"2,300.00",菇菇,福客來,台灣,高雄,Khaled博班口試
06/23/2025,📅 日常,🚗 交通,150.00,菇菇,停車費,台灣,高雄,
06/23/2025,📅 日常,🍽️ 飲食,109.00,菇菇,麥當勞,台灣,高雄,
06/22/2025,📅 日常,🚗 交通,209.00,菇菇,腳踏車燈,台灣,臺南,
06/22/2025,📅 日常,👶 寶寶,490.00,菇菇,益妙兒,台灣,臺南,
06/21/2025,📅 日常,🧴 日用,"1,241.00",過兒,防災收音機,台灣,臺南,
06/21/2025,📅 日常,🍽️ 飲食,80.00,過兒,蓮藕茶,台灣,臺南,
06/21/2025,📅 日常,🍽️ 飲食,100.00,過兒,蒟蒻薏仁,台灣,臺南,
06/21/2025,📅 日常,🏥 醫療,400.00,過兒,產檢+糖水,台灣,臺南,
06/21/2025,📅 日常,👗 服飾,"1,810.00",菇菇,lativ,台灣,臺南,
06/20/2025,✈️ 旅行,🍽️ 飲食,323.40,菇菇,機場博多拉麵,日本,九州,
06/20/2025,✈️ 旅行,🍽️ 飲食,360.00,菇菇,北海道採買,日本,九州,
06/20/2025,✈️ 旅行,💄 美容,672.00,菇菇,SABON,日本,九州,
06/20/2025,✈️ 旅行,🍽️ 飲食,127.68,過兒,全家,日本,九州,R1優酪乳
06/19/2025,✈️ 旅行,🍽️ 飲食,"1,150.80",過兒,樂天地牛腸鍋,日本,九州,
06/19/2025,✈️ 旅行,🍽️ 飲食,396.00,過兒,藍瓶咖啡,日本,九州,
06/19/2025,✈️ 旅行,🚗 交通,537.60,過兒,福岡地鐵一日票,日本,九州,
06/19/2025,✈️ 旅行,🚗 交通,209.79,過兒,大創,日本,九州,
06/19/2025,✈️ 旅行,🎁 禮物,291.06,過兒,靴下屋襪子,日本,九州,多多禮物
06/19/2025,✈️ 旅行,🧴 日用,291.06,過兒,靴下屋襪子,日本,九州,
06/19/2025,✈️ 旅行,🧴 日用,47.46,過兒,7-11咖啡,日本,九州,
06/19/2025,✈️ 旅行,🧴 日用,105.00,過兒,洗衣服,日本,九州,
06/19/2025,✈️ 旅行,🧴 日用,254.10,過兒,3-coins,日本,九州,奶瓶刷、車車印章
06/19/2025,✈️ 旅行,🧴 日用,34.02,過兒,全家飲料,日本,九州,
06/19/2025,✈️ 旅行,🎁 禮物,"2,106.72",過兒,Sabon,日本,九州,
06/19/2025,✈️ 旅行,🎁 禮物,"2,780.40",過兒,おみやげ本舖,日本,九州,
06/19/2025,✈️ 旅行,👶 寶寶,"6,794.13",過兒,Hoppetta,日本,九州,蘑菇被
06/19/2025,✈️ 旅行,🧴 日用,"1,092.00",過兒,Starbucks,日本,九州,福岡杯
06/18/2025,✈️ 旅行,🚗 交通,832.86,過兒,九州加油,日本,九州,
06/18/2025,✈️ 旅行,🚗 交通,595.00,過兒,九州通行費,日本,九州,
06/18/2025,✈️ 旅行,🍽️ 飲食,913.50,菇菇,桂花拉麵,日本,九州,
06/18/2025,✈️ 旅行,🎮 娛樂,29.40,過兒,魚鳥飼料,日本,九州,
06/18/2025,✈️ 旅行,🍽️ 飲食,"2,254.56",菇菇,熊本勝烈亭,日本,九州,
06/18/2025,✈️ 旅行,🏨 住宿,"18,105.96",菇菇,福岡住宿,日本,九州,
06/18/2025,✈️ 旅行,🎫 門票雜支,336.00,過兒,水前寺成趣園門票,日本,九州,4人
06/18/2025,✈️ 旅行,🧴 日用,117.60,過兒,熊本熊耳機包,日本,九州,
06/18/2025,✈️ 旅行,🚗 交通,832.86,過兒,加油,日本,九州,
06/18/2025,✈️ 旅行,🍽️ 飲食,102.69,過兒,LOPIA採買,日本,九州,
06/18/2025,✈️ 旅行,🎁 禮物,362.88,菇菇,熊本熊部長蜂蜜蛋糕,日本,九州,
06/18/2025,✈️ 旅行,🍽️ 飲食,703.50,過兒,Sukiya すきや,日本,九州,早餐丼飯
06/17/2025,✈️ 旅行,🏨 住宿,"6,616.52",菇菇,熊本住宿,日本,九州,
06/17/2025,✈️ 旅行,🍽️ 飲食,29.61,過兒,全家,日本,九州,礦泉水
06/17/2025,✈️ 旅行,🎁 禮物,447.30,過兒,阿蘇伴手禮,日本,九州,
06/17/2025,✈️ 旅行,🎁 禮物,504.00,過兒,阿蘇伴手禮火山灰磁鐵,日本,九州,
06/17/2025,✈️ 旅行,🚗 交通,420.00,過兒,停車費,日本,九州,熊本城飯店
06/17/2025,✈️ 旅行,🍽️ 飲食,"2,254.56",菇菇,熊本勝烈亭豬排,日本,九州,
06/17/2025,✈️ 旅行,🎁 禮物,"1,766.10",過兒,阿蘇物產伴手禮,日本,九州,
06/17/2025,✈️ 旅行,🍽️ 飲食,"1,350.30",菇菇,阿蘇早餐,日本,九州,
06/17/2025,✈️ 旅行,🍽️ 飲食,"1,176.00",菇菇,草千里午餐,日本,九州,
06/17/2025,✈️ 旅行,🎫 門票雜支,210.00,過兒,阿蘇火山門票,日本,九州,
06/16/2025,✈️ 旅行,🍽️ 飲食,"1,134.00",過兒,肥後寿し晚餐,日本,九州,
06/16/2025,✈️ 旅行,🚗 交通,105.00,過兒,高千穗停車,日本,九州,
06/16/2025,✈️ 旅行,🚗 交通,"1,218.00",菇菇,九州加油,日本,九州,
06/16/2025,✈️ 旅行,🍽️ 飲食,117.60,過兒,高千穗飲料冰淇淋,日本,九州,
06/16/2025,✈️ 旅行,🍽️ 飲食,747.60,過兒,365免稅藥妝採買,日本,九州,
06/16/2025,✈️ 旅行,🍽️ 飲食,350.70,過兒,阿蘇早餐,日本,九州,
06/16/2025,✈️ 旅行,🎫 門票雜支,"2,142.00",過兒,高千穗划船,日本,九州,
06/16/2025,✈️ 旅行,🎫 門票雜支,"1,680.00",過兒,高千穗火車,日本,九州,
06/16/2025,✈️ 旅行,🍽️ 飲食,"2,142.00",過兒,高千穗流水麵,日本,九州,
06/15/2025,✈️ 旅行,🏨 住宿,"10,461.42",菇菇,阿蘇住宿,日本,九州,
06/15/2025,✈️ 旅行,🚗 交通,98.70,過兒,通行費,日本,九州,
06/15/2025,✈️ 旅行,🍽️ 飲食,"1,375.50",過兒,IMakin食堂,日本,九州,牛丼
06/15/2025,✈️ 旅行,🍽️ 飲食,197.19,過兒,全家,日本,九州,優酪乳
06/15/2025,✈️ 旅行,👶 寶寶,338.10,過兒,熊本熊玩偶,日本,九州,
06/15/2025,✈️ 旅行,🍽️ 飲食,"1,008.00",過兒,阿蘇East晚餐,日本,九州,
06/15/2025,✈️ 旅行,🍽️ 飲食,287.70,過兒,阿蘇山上茶店,日本,九州,蛋糕＋磁鐵
06/15/2025,✈️ 旅行,🎁 禮物,483.00,過兒,阿蘇神社御守,日本,九州,安產御守*3
06/14/2025,✈️ 旅行,🎫 門票雜支,"3,444.00",過兒,九州動物園+遊園車,日本,九州,
06/14/2025,✈️ 旅行,🚗 交通,147.00,過兒,湯布院停車費,日本,九州,
06/14/2025,✈️ 旅行,🍽️ 飲食,"1,089.27",過兒,AEON超市,日本,九州,
06/14/2025,✈️ 旅行,🍽️ 飲食,340.20,過兒,B-speak,日本,九州,
06/14/2025,✈️ 旅行,🍽️ 飲食,163.80,過兒,味增,日本,九州,
06/14/2025,✈️ 旅行,🍽️ 飲食,"1,383.90",菇菇,甘味茶屋,日本,九州,
06/14/2025,✈️ 旅行,🍽️ 飲食,670.95,菇菇,Acoop超市,日本,九州,
06/14/2025,✈️ 旅行,🍽️ 飲食,155.40,過兒,銅鑼燒,日本,九州,
06/13/2025,✈️ 旅行,🚗 交通,"44,402.00",過兒,高雄福岡華航機票,日本,九州,
06/13/2025,✈️ 旅行,🍽️ 飲食,"2,614.50",過兒,心釜飯,日本,九州,
06/13/2025,✈️ 旅行,🍽️ 飲食,666.54,過兒,湯布院超市,日本,九州,
06/13/2025,✈️ 旅行,🚗 交通,585.90,過兒,九州通行費,日本,九州,
06/13/2025,✈️ 旅行,🍽️ 飲食,275.52,菇菇,山田休息站點心,日本,九州,
06/13/2025,✈️ 旅行,🍽️ 飲食,921.90,過兒,一蘭拉麵,日本,九州,
06/13/2025,✈️ 旅行,🚗 交通,132.30,過兒,九州通行,日本,九州,
06/13/2025,✈️ 旅行,🏨 住宿,"14,364.00",菇菇,油布院住宿,日本,九州,
06/13/2025,✈️ 旅行,🚗 交通,"3,420.00",過兒,湯布院通行費,日本,九州,
06/13/2025,✈️ 旅行,🧴 日用,660.00,過兒,大創,日本,九州,梳子
06/13/2025,✈️ 旅行,🧴 日用,459.00,過兒,全家,日本,九州,優酪乳
06/13/2025,✈️ 旅行,🍽️ 飲食,"1,112.00",過兒,山田服務區,日本,九州,
06/13/2025,✈️ 旅行,🚗 交通,"1,240.00",過兒,機場接駁巴士,日本,九州,四人
06/13/2025,✈️ 旅行,🚗 交通,"10,623.69",菇菇,九州租車六天,日本,九州,
06/10/2025,📅 日常,🚗 交通,150.00,菇菇,停車費,台灣,高雄,
06/10/2025,📅 日常,🚗 交通,832.00,過兒,FIT加油,台灣,臺南,
06/10/2025,📅 日常,🧴 日用,"1,229.00",菇菇,中華電信網路市話,台灣,臺南,
06/09/2025,📅 日常,🍽️ 飲食,35.00,過兒,三明治,台灣,臺南,
06/09/2025,📅 日常,🚗 交通,150.00,菇菇,停車費,台灣,高雄,
06/09/2025,📅 日常,🍽️ 飲食,66.00,菇菇,麥噹噹,台灣,高雄,
06/08/2025,📅 日常,🍽️ 飲食,60.00,過兒,綠豆湯粉角,台灣,臺南,
06/08/2025,📅 日常,🍽️ 飲食,385.00,過兒,乖乖牛肉麵,台灣,臺南,
06/08/2025,📅 日常,🎁 禮物,207.00,過兒,媽咪手機殼,台灣,臺南,
06/08/2025,📅 日常,👶 寶寶,400.00,過兒,蝦皮餐具+蚊叮舒緩,台灣,臺南,
06/08/2025,📅 日常,🍽️ 飲食,80.00,菇菇,牛奶冰淇淋,台灣,高雄,
06/07/2025,📅 日常,🍽️ 飲食,139.00,菇菇,午餐,台灣,高雄,
06/07/2025,📅 日常,🚗 交通,125.00,菇菇,停車費,台灣,高雄,
06/07/2025,📅 日常,👗 服飾,"1,296.00",過兒,lativ睡衣,台灣,臺南,
06/07/2025,📅 日常,🚗 交通,60.00,過兒,停車費,台灣,臺南,
06/07/2025,📅 日常,👶 寶寶,320.00,過兒,產檢掛號,台灣,臺南,
06/07/2025,📅 日常,📱 通信,572.00,菇菇,台灣大哥大,台灣,臺南,
06/06/2025,📅 日常,🚗 交通,150.00,菇菇,停車費,台灣,高雄,
06/06/2025,📅 日常,🍽️ 飲食,231.00,菇菇,麥噹噹,台灣,高雄,
06/05/2025,✈️ 旅行,🛡️ 保險,"5,493.00",過兒,旅平險,日本,九州,五人
06/05/2025,📅 日常,👗 服飾,"1,239.00",過兒,蝦皮孕婦短褲,台灣,臺南,
06/05/2025,📅 日常,👶 寶寶,199.00,過兒,學習褲,台灣,臺南,
06/05/2025,📅 日常,👗 服飾,269.00,過兒,防輻射衣,台灣,臺南,
06/05/2025,📅 日常,🚗 交通,150.00,菇菇,停車費,台灣,高雄,
06/05/2025,📅 日常,🚗 交通,"1,216.00",菇菇,RAV4加油,台灣,高雄,
06/04/2025,📅 日常,🚗 交通,150.00,菇菇,停車費,台灣,高雄,
06/03/2025,📅 日常,🧴 日用,940.00,菇菇,燈管+燈泡,台灣,臺南,
06/02/2025,📅 日常,🍽️ 飲食,204.00,菇菇,北海道採買,台灣,臺南,
06/02/2025,📅 日常,📚 教育,65.00,菇菇,Google drive,台灣,臺南,
06/02/2025,📅 日常,🧴 日用,399.00,菇菇,YouTube,台灣,臺南,
06/01/2025,📅 日常,🧴 日用,"50,277.00",菇菇,筆電,台灣,臺南,
06/01/2025,📅 日常,👶 寶寶,"1,758.00",菇菇,穠穠奶粉,台灣,臺南,
05/31/2025,📅 日常,👶 寶寶,330.00,過兒,穠外套,台灣,臺南,
05/31/2025,📅 日常,🧴 日用,149.00,過兒,自拍棒,台灣,臺南,
05/31/2025,📅 日常,🍽️ 飲食,965.00,菇菇,汕頭火鍋,台灣,高雄,
05/31/2025,📅 日常,🍽️ 飲食,70.00,菇菇,仙草冰,台灣,高雄,
05/31/2025,📅 日常,🚗 交通,160.00,過兒,旗津渡輪,台灣,高雄,
05/31/2025,📅 日常,🍽️ 飲食,59.00,過兒,FIN,台灣,高雄,
05/31/2025,📅 日常,🍽️ 飲食,235.00,過兒,汕頭意麵,台灣,高雄,
05/29/2025,📅 日常,🍽️ 飲食,159.00,菇菇,北海道採買,台灣,臺南,
05/29/2025,📅 日常,🎁 禮物,"1,402.00",菇菇,泰國牙膏*6,台灣,臺南,
05/28/2025,📅 日常,👶 寶寶,"5,624.00",菇菇,尿布,台灣,臺南,
05/28/2025,📅 日常,🚗 交通,150.00,菇菇,停車費,台灣,高雄,
05/27/2025,📅 日常,🎁 禮物,"6,300.00",過兒,世界展望會捐款,台灣,臺南,
05/27/2025,📅 日常,🍽️ 飲食,192.00,菇菇,麥噹噹,台灣,高雄,
05/27/2025,📅 日常,🚗 交通,150.00,菇菇,停車費,台灣,高雄,
05/27/2025,📅 日常,🎁 禮物,"6,300.00",過兒,世界展望會捐款,台灣,臺南,認養兒童
05/25/2025,📅 日常,🍽️ 飲食,698.00,菇菇,北海道採買,台灣,臺南,
05/25/2025,📅 日常,🍽️ 飲食,325.00,過兒,肉伯火雞肉飯,台灣,臺南,
05/24/2025,📅 日常,👶 寶寶,300.00,菇菇,掛號,台灣,臺南,
05/24/2025,📅 日常,👶 寶寶,"6,500.00",菇菇,腦膜炎疫苗,台灣,臺南,
05/24/2025,📅 日常,🍽️ 飲食,35.00,菇菇,里仁,台灣,臺南,
05/23/2025,📅 日常,🍽️ 飲食,160.00,菇菇,王記鍋貼,台灣,臺南,
05/23/2025,📅 日常,👶 寶寶,"17,800.00",菇菇,夏綠蒂托嬰,台灣,臺南,
05/22/2025,📅 日常,🚗 交通,150.00,菇菇,停車費,台灣,高雄,
05/22/2025,📅 日常,🚗 交通,"1,282.00",菇菇,RAV4加油,台灣,高雄,
05/21/2025,📅 日常,🚗 交通,804.00,過兒,FIT加油,台灣,臺南,
05/21/2025,📅 日常,🚗 交通,150.00,菇菇,停車費,台灣,高雄,
05/21/2025,📅 日常,🏠 住房物業,321.00,菇菇,水費,台灣,臺南,
05/20/2025,📅 日常,🚗 交通,150.00,菇菇,停車費,台灣,高雄,
05/19/2025,📅 日常,📚 教育,"17,796.00",菇菇,PTE 考試+題庫,台灣,臺南,
05/19/2025,📅 日常,🚗 交通,150.00,菇菇,停車費,台灣,高雄,
05/18/2025,📅 日常,🧴 日用,330.00,菇菇,蓮蓬頭配件,台灣,臺南,
05/18/2025,📅 日常,🧴 日用,801.00,菇菇,小夜燈,台灣,臺南,
05/17/2025,📅 日常,👶 寶寶,50.00,菇菇,拖鞋,台灣,臺南,
05/17/2025,📅 日常,🧴 日用,816.00,菇菇,家樂福採購,台灣,臺南,
05/17/2025,📅 日常,🍽️ 飲食,145.00,過兒,悅津鹹粥,台灣,臺南,
05/17/2025,📅 日常,💄 美容,499.00,過兒,Loreal 髮油,台灣,臺南,
05/17/2025,📅 日常,🍽️ 飲食,360.00,過兒,麵家二眷,台灣,臺南,
05/17/2025,📅 日常,🏥 醫療,200.00,過兒,產檢,台灣,臺南,
05/17/2025,📅 日常,🍽️ 飲食,90.00,過兒,冬瓜茶,台灣,臺南,
05/16/2025,📅 日常,👶 寶寶,"5,500.00",過兒,高層次超音波,台灣,臺南,
05/16/2025,📅 日常,🍽️ 飲食,330.00,菇菇,喬記製麵所,台灣,臺南,
05/16/2025,📅 日常,🍽️ 飲食,175.00,菇菇,麥噹噹,台灣,高雄,
05/16/2025,📅 日常,🍽️ 飲食,204.00,菇菇,黃記包子,台灣,臺南,
05/15/2025,📅 日常,🏥 醫療,200.00,過兒,牙醫洗牙,台灣,臺南,
05/15/2025,📅 日常,🍽️ 飲食,5.00,過兒,刷餐,台灣,臺南,
05/15/2025,📅 日常,🎁 禮物,120.00,過兒,芋頭西米露/儷宇,台灣,臺南,
05/15/2025,📅 日常,🍽️ 飲食,120.00,過兒,芋頭西米露,台灣,臺南,
05/15/2025,📅 日常,🍽️ 飲食,125.00,過兒,王記鍋貼,台灣,臺南,
05/15/2025,📅 日常,🎁 禮物,150.00,過兒,蔓越莓起司蛋糕,台灣,臺南,儷宇
05/15/2025,📅 日常,🚗 交通,150.00,菇菇,停車費,台灣,高雄,
05/14/2025,📅 日常,🏨 住宿,"1,555.00",過兒,PTE 住宿,台灣,臺南,
05/14/2025,📅 日常,🚗 交通,150.00,菇菇,停車費,台灣,高雄,
05/14/2025,📅 日常,🍽️ 飲食,40.00,菇菇,全家咖啡,台灣,臺南,
05/13/2025,📅 日常,🍽️ 飲食,199.00,菇菇,北海道採買,台灣,臺南,
05/13/2025,📅 日常,🚗 交通,150.00,菇菇,停車費,台灣,高雄,
05/12/2025,📅 日常,📚 教育,"1,090.00",過兒,猩際VIP,台灣,臺南,
05/12/2025,📅 日常,🚗 交通,150.00,菇菇,停車費,台灣,高雄,
05/12/2025,📅 日常,🧴 日用,"6,227.00",菇菇,旅行鏡頭,台灣,臺南,
05/12/2025,📅 日常,🧴 日用,"1,233.00",菇菇,中華電信網路市話,台灣,臺南,
05/11/2025,📅 日常,🍽️ 飲食,"1,225.00",菇菇,地果咖啡母親節大餐,台灣,臺南,過兒的
05/11/2025,📅 日常,🧴 日用,346.00,菇菇,3M無痕貼,台灣,臺南,
05/11/2025,📅 日常,👗 服飾,"7,723.00",過兒,wStyle治裝,台灣,臺南,
05/10/2025,📅 日常,👶 寶寶,596.00,過兒,蝦皮馬桶蓋/帽子/水槍,台灣,臺南,
05/10/2025,📅 日常,🍽️ 飲食,"5,070.00",菇菇,菇家母親節碳佐+蛋糕,台灣,臺南,
05/09/2025,📅 日常,💄 美容,600.00,過兒,洗加剪,台灣,臺南,
05/08/2025,📅 日常,🚗 交通,150.00,菇菇,停車費,台灣,高雄,
05/07/2025,📅 日常,🚗 交通,150.00,菇菇,停車費,台灣,高雄,
05/07/2025,📅 日常,📚 教育,325.00,菇菇,Gemini,台灣,臺南,
05/07/2025,📅 日常,🍽️ 飲食,66.00,菇菇,麥噹噹,台灣,高雄,
05/07/2025,📅 日常,🚗 交通,"1,141.00",菇菇,RAV4加油,台灣,高雄,
05/06/2025,📅 日常,🍽️ 飲食,299.00,菇菇,北海道採買,台灣,臺南,
05/06/2025,📅 日常,🧴 日用,800.00,菇菇,濾紙,台灣,臺南,
05/06/2025,📅 日常,🚗 交通,150.00,菇菇,停車費,台灣,高雄,
05/06/2025,📅 日常,🏠 住房物業,804.00,菇菇,電費,台灣,臺南,
05/05/2025,📅 日常,🚗 交通,150.00,菇菇,停車費,台灣,高雄,
05/05/2025,📅 日常,🍽️ 飲食,66.00,菇菇,麥噹噹,台灣,高雄,
05/04/2025,📅 日常,🧴 日用,200.00,菇菇,蝦皮小廢物,台灣,臺南,
05/04/2025,📅 日常,🍽️ 飲食,450.00,菇菇,北海道採買,台灣,臺南,
05/04/2025,📅 日常,🍽️ 飲食,975.00,過兒,拿坡里,台灣,臺南,
05/04/2025,📅 日常,👗 服飾,"2,407.00",過兒,孕婦治裝（OB),台灣,臺南,
05/03/2025,📅 日常,🍽️ 飲食,50.00,菇菇,飲料,台灣,臺南,
05/03/2025,📅 日常,🍽️ 飲食,320.00,過兒,三禾火雞肉飯,台灣,臺南,
05/03/2025,📅 日常,🍽️ 飲食,"1,314.00",過兒,心宜食堂,台灣,臺南,
05/02/2025,📅 日常,🎮 娛樂,120.00,菇菇,包廂KTV,台灣,臺南,
05/02/2025,📅 日常,🚗 交通,40.00,過兒,停車費,台灣,臺南,
05/02/2025,📅 日常,🚗 交通,858.00,過兒,FIT加油,台灣,臺南,
05/02/2025,📅 日常,🍽️ 飲食,200.00,菇菇,麥噹噹,台灣,高雄,
05/02/2025,📅 日常,📚 教育,65.00,菇菇,Google drive,台灣,臺南,
05/02/2025,📅 日常,🎮 娛樂,399.00,菇菇,YouTube,台灣,臺南,
05/02/2025,📅 日常,👗 服飾,"1,616.00",過兒,Net治裝,台灣,臺南,
05/02/2025,📅 日常,🍽️ 飲食,45.00,過兒,椰子汁,台灣,臺南,
05/02/2025,📅 日常,🧴 日用,69.00,過兒,光南隱形眼鏡夾+手機夾片,台灣,臺南,
05/02/2025,📅 日常,🍽️ 飲食,492.00,菇菇,宜得利碗/拖鞋/穠叉匙,台灣,臺南,
05/01/2025,📅 日常,🧴 日用,"1,389.00",菇菇,滑鼠,台灣,臺南,
05/01/2025,📅 日常,🐾 寵物,478.00,菇菇,貓泥,台灣,臺南,
05/01/2025,📅 日常,🚗 交通,"1,347.00",菇菇,RAV4加油,台灣,高雄,
05/01/2025,📅 日常,🚗 交通,150.00,菇菇,停車費,台灣,高雄,
05/01/2025,📅 日常,👶 寶寶,120.00,過兒,剪髮,台灣,臺南,
04/30/2025,📅 日常,🎁 禮物,500.00,過兒,Connie 彌月,台灣,臺南,
04/30/2025,📅 日常,🚗 交通,150.00,菇菇,停車費,台灣,高雄,
04/30/2025,📅 日常,🍽️ 飲食,"2,478.00",菇菇,咖啡豆,台灣,臺南,
04/29/2025,📅 日常,🚗 交通,150.00,菇菇,停車費,台灣,高雄,
04/28/2025,📅 日常,🍽️ 飲食,114.00,菇菇,丹丹,台灣,臺南,
04/28/2025,📅 日常,🧴 日用,700.00,菇菇,瓦斯,台灣,臺南,
04/28/2025,📅 日常,👶 寶寶,"17,800.00",菇菇,夏綠蒂托嬰,台灣,臺南,
04/27/2025,📅 日常,🍽️ 飲食,230.00,菇菇,全聯採買,台灣,臺南,
04/27/2025,📅 日常,🍽️ 飲食,350.00,過兒,永記,台灣,臺南,
04/26/2025,📅 日常,🚗 交通,36.00,過兒,停車費,台灣,臺南,
04/26/2025,📅 日常,🍽️ 飲食,135.00,過兒,早餐,台灣,臺南,
04/26/2025,📅 日常,🎁 禮物,"2,630.00",過兒,羚羽女兒彌月,台灣,臺南,
04/25/2025,📅 日常,👶 寶寶,296.00,過兒,舒緩筆+湯匙叉子,台灣,臺南,
04/25/2025,📅 日常,🧴 日用,89.00,過兒,洗手慕斯,台灣,臺南,
04/25/2025,📅 日常,💄 美容,834.00,過兒,阿葵亞順髮×2,台灣,臺南,
04/25/2025,📅 日常,🧴 日用,680.00,菇菇,垃圾桶,台灣,臺南,
04/25/2025,📅 日常,🧴 日用,130.00,菇菇,燈管,台灣,臺南,
04/25/2025,📅 日常,🍽️ 飲食,181.00,菇菇,北海道採買,台灣,臺南,
04/24/2025,📅 日常,🚗 交通,150.00,菇菇,停車費,台灣,高雄,
04/24/2025,📅 日常,📱 通信,527.00,過兒,台灣大哥大通信費,台灣,臺南,4月份帳單
04/23/2025,📅 日常,🍽️ 飲食,590.00,菇菇,泰子晚餐,台灣,臺南,
04/23/2025,📅 日常,👶 寶寶,"41,650.00",過兒,羊穿/CMV/羊晶,台灣,臺南,產檢
04/23/2025,📅 日常,🍽️ 飲食,208.00,菇菇,北海道採買,台灣,臺南,
04/23/2025,📅 日常,🚗 交通,150.00,菇菇,停車費,台灣,高雄,
04/22/2025,📅 日常,🧴 日用,152.00,菇菇,寄包裹,台灣,臺南,
04/22/2025,📅 日常,🍽️ 飲食,109.00,菇菇,麥噹噹,台灣,高雄,
04/22/2025,📅 日常,🚗 交通,150.00,菇菇,停車費,台灣,高雄,
04/22/2025,📅 日常,🍽️ 飲食,960.00,過兒,牛肉火鍋,台灣,臺南,
04/22/2025,📅 日常,🚗 交通,40.00,菇菇,停車費,台灣,高雄,
04/21/2025,📅 日常,🚗 交通,"1,185.00",菇菇,RAV4加油,台灣,高雄,
04/21/2025,📅 日常,🍽️ 飲食,31.00,菇菇,飲料,台灣,臺南,
04/21/2025,📅 日常,🚗 交通,150.00,菇菇,停車費,台灣,高雄,
04/21/2025,✈️ 旅行,🍽️ 飲食,320.00,菇菇,烤鴨,台灣,苗栗,
04/21/2025,📅 日常,🏠 住房物業,376.00,菇菇,水費,台灣,臺南,
04/20/2025,✈️ 旅行,🎁 禮物,320.00,菇菇,蛋捲,台灣,臺南,
04/20/2025,✈️ 旅行,🍽️ 飲食,310.00,過兒,河粉,台灣,苗栗,
04/20/2025,✈️ 旅行,🍽️ 飲食,180.00,過兒,包子,台灣,苗栗,
04/19/2025,✈️ 旅行,🍽️ 飲食,780.00,菇菇,飛牛牧場午餐,台灣,苗栗,
04/19/2025,✈️ 旅行,🎫 門票雜支,640.00,過兒,飛牛牧場門票,台灣,苗栗,
04/19/2025,✈️ 旅行,🍽️ 飲食,870.00,菇菇,客家晚餐,台灣,苗栗,
04/19/2025,✈️ 旅行,🍽️ 飲食,70.00,過兒,飼料,台灣,苗栗,
04/18/2025,✈️ 旅行,🍽️ 飲食,310.00,過兒,晚餐板條,台灣,苗栗,
04/18/2025,✈️ 旅行,🍽️ 飲食,375.00,菇菇,午餐清水休息站,台灣,臺中,
04/18/2025,✈️ 旅行,📚 教育,60.00,過兒,圖書館罰款,台灣,臺南,
04/18/2025,✈️ 旅行,🍽️ 飲食,85.00,過兒,早餐,台灣,臺南,
04/18/2025,✈️ 旅行,🏨 住宿,"5,239.00",菇菇,苗栗山板樵民宿,台灣,苗栗,
04/18/2025,📅 日常,🚗 交通,"1,177.00",菇菇,RAV4加油,台灣,高雄,
04/18/2025,✈️ 旅行,🍽️ 飲食,130.00,菇菇,老街甜粿,台灣,苗栗,
04/18/2025,✈️ 旅行,🚗 交通,100.00,過兒,停車費,台灣,臺中,
04/17/2025,📅 日常,🚗 交通,150.00,菇菇,停車費,台灣,高雄,
04/17/2025,📅 日常,🚗 交通,20.00,菇菇,停車費,台灣,高雄,
04/17/2025,📅 日常,🍽️ 飲食,107.00,菇菇,麥噹噹,台灣,高雄,
04/17/2025,📅 日常,🍽️ 飲食,435.00,菇菇,北海道採買,台灣,臺南,
04/16/2025,📅 日常,🏥 醫療,150.00,過兒,菇吉感冒,台灣,臺南,
04/16/2025,📅 日常,👶 寶寶,911.00,過兒,洗鼻器,台灣,臺南,兩罐
04/16/2025,📅 日常,🍽️ 飲食,33.00,過兒,早餐,台灣,臺南,
04/16/2025,📅 日常,🍽️ 飲食,182.00,過兒,里仁,台灣,臺南,
04/15/2025,📅 日常,🧴 日用,900.00,過兒,古寶沐浴洗髮,台灣,臺南,
04/15/2025,📅 日常,👶 寶寶,100.00,過兒,新樓產檢,台灣,臺南,
04/15/2025,📅 日常,🍽️ 飲食,41.00,過兒,點心,台灣,臺南,
04/13/2025,📅 日常,🍽️ 飲食,167.00,菇菇,北海道採買,台灣,臺南,
04/13/2025,📅 日常,🍽️ 飲食,150.00,過兒,美濃蛋糕,台灣,高雄,
04/13/2025,📅 日常,🍽️ 飲食,30.00,過兒,飲料,台灣,高雄,
04/13/2025,📅 日常,🍽️ 飲食,35.00,過兒,麵包,台灣,高雄,
04/13/2025,📅 日常,🍽️ 飲食,310.00,過兒,美濃板條,台灣,高雄,
04/13/2025,📅 日常,🍽️ 飲食,47.00,過兒,雞蛋,台灣,臺南,
04/13/2025,📅 日常,🍽️ 飲食,120.00,過兒,早餐,台灣,臺南,
04/13/2025,📅 日常,🚗 交通,"1,326.00",菇菇,RAV4加油,台灣,高雄,
04/12/2025,📅 日常,🍽️ 飲食,220.00,菇菇,早餐,台灣,臺南,
04/11/2025,📅 日常,🚗 交通,150.00,菇菇,停車費,台灣,高雄,
04/11/2025,📅 日常,🍽️ 飲食,68.00,菇菇,麥噹噹,台灣,高雄,
04/11/2025,📅 日常,🚗 交通,842.00,過兒,FIT加油,台灣,臺南,
04/11/2025,📅 日常,📱 通信,595.00,菇菇,台灣大哥大,台灣,臺南,
04/10/2025,📅 日常,🚗 交通,200.00,過兒,FIT加油,台灣,臺南,
04/10/2025,📅 日常,🚗 交通,150.00,菇菇,停車費,台灣,高雄,
04/10/2025,📅 日常,🍽️ 飲食,107.00,菇菇,麥噹噹,台灣,高雄,
04/10/2025,📅 日常,🧴 日用,28.00,菇菇,郵局,台灣,臺南,
04/10/2025,📅 日常,🚗 交通,100.00,菇菇,停車費,台灣,高雄,
04/10/2025,📅 日常,🧴 日用,"1,240.00",菇菇,中華電信網路市話,台灣,臺南,
04/09/2025,📅 日常,🚗 交通,150.00,菇菇,停車費,台灣,高雄,
04/08/2025,📅 日常,🎁 禮物,650.00,菇菇,深緣及水禮盒,台灣,臺南,
04/08/2025,📅 日常,🍽️ 飲食,300.00,菇菇,摩斯,台灣,臺中,
04/07/2025,📅 日常,👶 寶寶,"1,788.00",過兒,穠穠乳液,台灣,臺南,
04/07/2025,📅 日常,🧴 日用,"7,823.00",菇菇,行李箱,台灣,臺南,
04/07/2025,📅 日常,🚗 交通,150.00,菇菇,停車費,台灣,高雄,
04/06/2025,📅 日常,🎁 禮物,522.00,過兒,氣瓶,台灣,臺南,
04/06/2025,📅 日常,👶 寶寶,637.00,過兒,防曬,台灣,臺南,
04/06/2025,📅 日常,💄 美容,526.00,過兒,CeraVe乳液,台灣,臺南,
04/06/2025,📅 日常,👶 寶寶,671.00,過兒,防蚊液,台灣,臺南,
04/06/2025,📅 日常,🧴 日用,304.00,過兒,杯子,台灣,臺南,
04/06/2025,📅 日常,💄 美容,955.00,過兒,護髮卸妝,台灣,臺南,
04/06/2025,📅 日常,👶 寶寶,652.00,過兒,防蚊貼,台灣,臺南,
04/06/2025,📅 日常,🍽️ 飲食,"1,291.00",菇菇,家樂福採買,台灣,臺南,
04/06/2025,📅 日常,🧴 日用,636.00,菇菇,電池,台灣,臺南,
04/06/2025,📅 日常,👶 寶寶,229.00,菇菇,拖鞋,台灣,臺南,
04/06/2025,📅 日常,🧴 日用,30.00,菇菇,墨水,台灣,臺南,
04/06/2025,📅 日常,👶 寶寶,545.00,菇菇,Food超人兒童節禮物,台灣,臺南,
04/05/2025,✈️ 旅行,🍽️ 飲食,530.00,過兒,嘉義晚餐,台灣,嘉義,
04/05/2025,📅 日常,🍽️ 飲食,160.00,菇菇,早餐,台灣,臺南,
04/05/2025,📅 日常,🚗 交通,"1,299.00",菇菇,RAV4加油,台灣,高雄,
04/05/2025,📅 日常,👶 寶寶,50.00,過兒,襪子,台灣,臺南,
04/04/2025,📅 日常,🍽️ 飲食,197.00,菇菇,北海道採買,台灣,臺南,
04/04/2025,📅 日常,🍽️ 飲食,35.00,過兒,包子,台灣,臺南,
04/04/2025,📅 日常,🎫 門票雜支,200.00,菇菇,八老爺牧場,台灣,臺南,
04/04/2025,📅 日常,🍽️ 飲食,340.00,過兒,冰淇淋,台灣,臺南,
04/04/2025,📅 日常,🚗 交通,"7,120.00",過兒,FIT牌照稅,台灣,臺南,
04/03/2025,📅 日常,📚 教育,65.00,菇菇,Google drive,台灣,臺南,
04/03/2025,📅 日常,🍽️ 飲食,135.00,過兒,早餐,台灣,臺南,
04/02/2025,📅 日常,🍽️ 飲食,31.00,菇菇,全家,台灣,臺南,
04/02/2025,📅 日常,🚗 交通,150.00,菇菇,停車費,台灣,高雄,
04/02/2025,📅 日常,🐾 寵物,545.00,菇菇,飼料,台灣,臺南,
04/02/2025,📅 日常,👶 寶寶,879.00,菇菇,奶粉,台灣,臺南,
04/02/2025,📅 日常,👶 寶寶,"1,041.00",菇菇,尿布,台灣,臺南,
04/02/2025,📅 日常,🎮 娛樂,399.00,菇菇,YouTube,台灣,臺南,
04/02/2025,📅 日常,📚 教育,600.00,菇菇,Chatgpt subscription,台灣,臺南,
03/31/2025,📅 日常,🍽️ 飲食,214.00,菇菇,北海道採買,台灣,臺南,
03/31/2025,📅 日常,🚗 交通,150.00,菇菇,停車費,台灣,高雄,
03/31/2025,📅 日常,🍽️ 飲食,113.00,菇菇,全家,台灣,臺南,
03/30/2025,📅 日常,🍽️ 飲食,190.00,菇菇,文章牛肉湯,台灣,臺南,
03/30/2025,📅 日常,🚗 交通,"1,208.00",菇菇,RAV4加油,台灣,高雄,
03/30/2025,📅 日常,🍽️ 飲食,230.00,過兒,薏仁,台灣,臺南,
03/29/2025,📅 日常,🍽️ 飲食,165.00,菇菇,起司小蛋糕,台灣,臺南,
03/29/2025,📅 日常,🍽️ 飲食,405.00,菇菇,林聰明,台灣,臺南,
03/29/2025,📅 日常,🚗 交通,60.00,過兒,停車費,台灣,臺南,
03/29/2025,📅 日常,🍽️ 飲食,143.00,菇菇,早餐,台灣,臺南,
03/29/2025,📅 日常,🍽️ 飲食,290.00,菇菇,學甲永通,台灣,臺南,
03/28/2025,📅 日常,💄 美容,269.00,過兒,yiskin 護唇膏,台灣,臺南,
03/28/2025,📅 日常,👶 寶寶,505.00,過兒,蝦皮羊乳片,台灣,臺南,
03/28/2025,📅 日常,🚗 交通,150.00,菇菇,停車費,台灣,高雄,
03/28/2025,📅 日常,🍽️ 飲食,31.00,菇菇,飲料,台灣,臺南,
03/28/2025,📅 日常,🎁 禮物,30.00,過兒,豆奶,台灣,臺南,
03/27/2025,📅 日常,🚗 交通,120.00,過兒,停車費,台灣,臺南,
03/27/2025,📅 日常,🍽️ 飲食,"1,060.00",過兒,老泰羊肉,台灣,臺南,
03/27/2025,📅 日常,🍽️ 飲食,191.00,菇菇,麥噹噹,台灣,高雄,
03/27/2025,📅 日常,🚗 交通,150.00,菇菇,停車費,台灣,高雄,
03/27/2025,📅 日常,🍽️ 飲食,109.00,菇菇,下午茶,台灣,臺南,
03/26/2025,📅 日常,🍽️ 飲食,480.00,菇菇,北海道採購,台灣,臺南,
03/26/2025,📅 日常,🧴 日用,333.00,過兒,TypeC耳機,台灣,臺南,三個
03/26/2025,📅 日常,🚗 交通,150.00,菇菇,停車費,台灣,高雄,
03/26/2025,📅 日常,🍽️ 飲食,31.00,菇菇,全家,台灣,臺南,
03/26/2025,📅 日常,👶 寶寶,"17,800.00",菇菇,夏綠蒂托嬰,台灣,臺南,
03/25/2025,📅 日常,🚗 交通,150.00,菇菇,停車費,台灣,高雄,
03/24/2025,📅 日常,🚗 交通,"2,334.00",菇菇,RAV4保養,台灣,臺南,
03/24/2025,📅 日常,🚗 交通,150.00,菇菇,停車費,台灣,高雄,
03/24/2025,📅 日常,🚗 交通,"1,326.00",菇菇,RAV4加油,台灣,高雄,
03/24/2025,📅 日常,🍽️ 飲食,163.00,菇菇,麥噹噹,台灣,高雄,
03/23/2025,📅 日常,💄 美容,"2,749.00",菇菇,身體妊娠油,台灣,臺南,
03/22/2025,✈️ 旅行,🍽️ 飲食,65.00,菇菇,燒冷冰,台灣,屏東,
03/22/2025,✈️ 旅行,🍽️ 飲食,385.00,過兒,潮州午餐,台灣,屏東,
03/22/2025,✈️ 旅行,🍽️ 飲食,182.00,過兒,早餐,台灣,屏東,
03/22/2025,✈️ 旅行,🍽️ 飲食,"1,529.00",菇菇,牛大福,台灣,屏東,
03/22/2025,📅 日常,🍽️ 飲食,40.00,菇菇,飲料,台灣,臺南,
03/21/2025,📅 日常,🍽️ 飲食,682.00,菇菇,woosa,台灣,臺南,
03/20/2025,📅 日常,🏥 醫療,340.00,過兒,新樓泌尿科,台灣,臺南,
03/20/2025,📅 日常,🚗 交通,60.00,過兒,停車費,台灣,臺南,
03/20/2025,📅 日常,🍽️ 飲食,440.00,菇菇,下午茶加蛋糕,台灣,臺南,
03/20/2025,📅 日常,🚗 交通,30.00,過兒,停車費,台灣,臺南,
03/19/2025,📅 日常,🚗 交通,931.00,過兒,FIT加油,台灣,臺南,
03/19/2025,📅 日常,🍽️ 飲食,49.00,過兒,吐司,台灣,臺南,
03/18/2025,📅 日常,🚗 交通,30.00,過兒,停車費,台灣,臺南,
03/17/2025,📅 日常,🧴 日用,"1,050.00",菇菇,衣架,台灣,臺南,
03/17/2025,📅 日常,👶 寶寶,909.00,菇菇,S26奶粉,台灣,臺南,
03/17/2025,📅 日常,🚗 交通,150.00,菇菇,停車費,台灣,高雄,
03/17/2025,📅 日常,🍽️ 飲食,245.00,過兒,北海道採購,台灣,臺南,
03/16/2025,📅 日常,🍽️ 飲食,330.00,菇菇,鍋燒意麵,台灣,臺南,
03/16/2025,📅 日常,👶 寶寶,200.00,過兒,產檢掛號,台灣,臺南,
03/16/2025,📅 日常,🍽️ 飲食,"1,168.00",過兒,家樂福採購,台灣,臺南,
03/14/2025,📅 日常,🍽️ 飲食,120.00,菇菇,鍋燒,台灣,臺南,
03/14/2025,📅 日常,👶 寶寶,"1,131.00",過兒,Lativ,台灣,臺南,
03/14/2025,📅 日常,📚 教育,"5,063.00",菇菇,Claude Ai subscription,台灣,臺南,年費
03/13/2025,📅 日常,🍽️ 飲食,125.00,過兒,麵包,台灣,臺南,
03/13/2025,📅 日常,🍽️ 飲食,133.00,菇菇,麥噹噹,台灣,高雄,
03/13/2025,📅 日常,🚗 交通,150.00,菇菇,停車費,台灣,高雄,
03/13/2025,📅 日常,💄 美容,70.00,過兒,食鹽水,台灣,臺南,
03/13/2025,📅 日常,👶 寶寶,"1,530.00",過兒,夏天衣服,台灣,臺南,
03/13/2025,📅 日常,🧴 日用,"1,245.00",菇菇,中華電信網路市話,台灣,臺南,
03/12/2025,📅 日常,🚗 交通,150.00,菇菇,停車費,台灣,高雄,
03/12/2025,📅 日常,🍽️ 飲食,198.00,菇菇,北海道採買,台灣,臺南,
03/10/2025,📅 日常,👶 寶寶,100.00,過兒,產檢掛號,台灣,臺南,
03/10/2025,📅 日常,👶 寶寶,400.00,過兒,安胎針,台灣,臺南,
03/10/2025,📅 日常,🚗 交通,150.00,菇菇,停車費,台灣,高雄,
03/10/2025,📅 日常,🍽️ 飲食,163.00,菇菇,麥噹噹,台灣,高雄,
03/10/2025,📅 日常,🚗 交通,"1,391.00",菇菇,RAV4加油,台灣,高雄,
03/10/2025,📅 日常,🚗 交通,45.00,過兒,停車費,台灣,臺南,
03/09/2025,📅 日常,🍽️ 飲食,120.00,菇菇,早餐,台灣,臺南,
03/09/2025,📅 日常,👶 寶寶,"5,000.00",菇菇,慧琇月嫂訂金,台灣,臺南,
03/09/2025,📅 日常,👶 寶寶,"5,200.00",菇菇,杏一妙可適,台灣,臺南,
03/09/2025,📅 日常,🎁 禮物,250.00,菇菇,拿坡里蛋糕,台灣,臺南,
03/08/2025,📅 日常,🍽️ 飲食,486.00,菇菇,全聯採買,台灣,臺南,
03/08/2025,📅 日常,👶 寶寶,"28,400.00",菇菇,產檢自費項目,台灣,臺南,產檢
03/08/2025,📅 日常,👶 寶寶,150.00,過兒,產檢掛號,台灣,臺南,
03/08/2025,📅 日常,🚗 交通,60.00,過兒,停車費,台灣,臺南,
03/08/2025,📅 日常,🍽️ 飲食,263.00,菇菇,拉亞早餐,台灣,臺南,
03/08/2025,📅 日常,🚗 交通,25.00,菇菇,停車費,台灣,高雄,
03/08/2025,📅 日常,🍽️ 飲食,"1,364.00",過兒,涮乃葉,台灣,臺南,
03/07/2025,📅 日常,🚗 交通,150.00,菇菇,停車費,台灣,高雄,
03/07/2025,📅 日常,🍽️ 飲食,43.00,菇菇,全聯採買,台灣,臺南,
03/06/2025,📅 日常,🚗 交通,150.00,菇菇,停車費,台灣,高雄,
03/06/2025,📅 日常,🏠 住房物業,946.00,菇菇,電費,台灣,臺南,
03/05/2025,📅 日常,🍽️ 飲食,113.00,菇菇,麥噹噹,台灣,高雄,
03/05/2025,📅 日常,🚗 交通,150.00,菇菇,停車費,台灣,高雄,
03/05/2025,📅 日常,💄 美容,"3,730.00",過兒,隱形眼鏡,台灣,臺南,
03/05/2025,📅 日常,🍽️ 飲食,250.00,過兒,午後紅茶包包,台灣,臺南,
03/04/2025,📅 日常,🏥 醫療,"1,020.00",過兒,洗鼻器,台灣,臺南,兩罐
03/03/2025,📅 日常,💄 美容,928.00,過兒,momo粉餅眉筆,台灣,臺南,
03/03/2025,📅 日常,🧴 日用,300.00,菇菇,記帳軟體,台灣,臺南,
03/03/2025,📅 日常,🎁 禮物,259.00,過兒,太陽眼鏡,台灣,臺南,蝦皮
03/02/2025,📅 日常,👶 寶寶,490.00,菇菇,乾濕兩用巾,台灣,臺南,
03/02/2025,📅 日常,👶 寶寶,906.00,過兒,蝦皮保溫杯+筷子,台灣,臺南,
03/02/2025,📅 日常,📚 教育,65.00,菇菇,Google drive,台灣,臺南,
03/02/2025,📅 日常,📚 教育,600.00,菇菇,Chatgpt subscription,台灣,臺南,
03/02/2025,📅 日常,📚 教育,"5,925.00",菇菇,Cloude一年份,台灣,臺南,
03/02/2025,📅 日常,🎮 娛樂,399.00,菇菇,YouTube,台灣,臺南,
03/02/2025,📅 日常,🚗 交通,"1,048.00",菇菇,RAV4加油,台灣,高雄,
03/02/2025,✈️ 旅行,🍽️ 飲食,410.00,過兒,櫛瓜百香果,台灣,南投,
03/02/2025,✈️ 旅行,🍽️ 飲食,400.00,過兒,清境午餐,台灣,南投,
03/02/2025,✈️ 旅行,🎫 門票雜支,560.00,過兒,青青草原門票,台灣,南投,
03/02/2025,✈️ 旅行,🍽️ 飲食,140.00,過兒,羊奶酪冰淇淋,台灣,南投,
03/02/2025,✈️ 旅行,🍽️ 飲食,20.00,過兒,水,台灣,南投,
03/01/2025,✈️ 旅行,🍽️ 飲食,39.00,過兒,愛玉,台灣,南投,
03/01/2025,✈️ 旅行,🚗 交通,175.00,過兒,停車費,台灣,南投,
03/01/2025,✈️ 旅行,🏨 住宿,"6,042.00",菇菇,清境豪斯登堡,台灣,南投,
03/01/2025,✈️ 旅行,🍽️ 飲食,326.00,菇菇,南投午餐,台灣,南投,
03/01/2025,✈️ 旅行,🍽️ 飲食,20.00,菇菇,茶葉蛋,台灣,南投,
03/01/2025,✈️ 旅行,🧴 日用,340.00,過兒,小瑞士門票,台灣,南投,
03/01/2025,✈️ 旅行,🍽️ 飲食,"1,088.00",過兒,復古雞,台灣,南投,
03/01/2025,📅 日常,🚗 交通,"1,337.00",菇菇,RAV4加油,台灣,高雄,
03/01/2025,✈️ 旅行,🍽️ 飲食,39.00,菇菇,百香果愛玉,台灣,南投,
03/01/2025,📅 日常,🍽️ 飲食,180.00,菇菇,早餐,台灣,臺南,
02/28/2025,📅 日常,📄 稅金,"1,800.00",過兒,停車拖吊,台灣,臺南,
02/27/2025,📅 日常,🚗 交通,904.00,過兒,FIT加油,台灣,臺南,
02/27/2025,📅 日常,🍽️ 飲食,636.00,過兒,全聯採買,台灣,臺南,
02/27/2025,📅 日常,🚗 交通,150.00,菇菇,停車費,台灣,高雄,
02/27/2025,📅 日常,👶 寶寶,798.00,過兒,電動牙刷,台灣,臺南,
02/27/2025,📅 日常,🍽️ 飲食,234.00,過兒,晴天包子,台灣,臺南,
02/27/2025,📅 日常,🍽️ 飲食,84.00,過兒,麵包,台灣,臺南,
02/26/2025,📅 日常,👶 寶寶,"17,800.00",菇菇,夏綠蒂托嬰,台灣,臺南,
02/26/2025,📅 日常,🚗 交通,150.00,菇菇,停車費,台灣,高雄,
02/26/2025,📅 日常,🍽️ 飲食,31.00,菇菇,全家飲料,台灣,臺南,
02/26/2025,📅 日常,📱通信,572.00,過兒,台灣大哥大手機費,台灣,臺南,
02/26/2025,📅 日常,🍽️ 飲食,482.00,過兒,團膳扣款,台灣,臺南,
02/25/2025,📅 日常,🚗 交通,150.00,菇菇,停車費,台灣,高雄,
02/25/2025,📅 日常,📱 通信,572.00,過兒,台灣大哥大通信費,台灣,臺南,2月份帳單
02/24/2025,📅 日常,🚗 交通,150.00,菇菇,停車費,台灣,高雄,
02/24/2025,📅 日常,🚗 交通,70.00,菇菇,洗車,台灣,臺南,
02/24/2025,📅 日常,🍽️ 飲食,199.00,菇菇,麥噹噹,台灣,高雄,
02/24/2025,📅 日常,🐾 寵物,593.00,菇菇,貓砂,台灣,臺南,
02/24/2025,📅 日常,🍽️ 飲食,"2,516.00",菇菇,咖啡豆,台灣,臺南,
02/22/2025,📅 日常,🏥 醫療,200.00,過兒,過兒感冒,台灣,臺南,
02/22/2025,📅 日常,🏥 醫療,150.00,過兒,菇吉感冒,台灣,臺南,
02/21/2025,📅 日常,🍽️ 飲食,199.00,菇菇,北海道採買,台灣,臺南,
02/21/2025,📅 日常,🚗 交通,15.00,菇菇,停車費,台灣,高雄,
02/21/2025,📅 日常,🍽️ 飲食,102.00,菇菇,麥噹噹早餐,台灣,高雄,
02/21/2025,📅 日常,🚗 交通,"1,314.00",菇菇,RAV4加油,台灣,高雄,
02/21/2025,📅 日常,🏠 住房物業,321.00,菇菇,水費,台灣,臺南,
02/20/2025,📅 日常,🧴 日用,"1,125.00",菇菇,RO耗材,台灣,臺南,(我們家+菇家)
02/20/2025,📅 日常,🧴 日用,236.00,菇菇,過碳酸鈉,台灣,臺南,
02/20/2025,📅 日常,🐾 寵物,479.00,菇菇,Muji肉泥,台灣,臺南,
02/19/2025,📅 日常,🎁 禮物,"3,750.00",過兒,PEI/TD聚餐請客,台灣,臺南,
02/19/2025,📅 日常,🚗 交通,150.00,菇菇,停車費,台灣,高雄,
02/18/2025,📅 日常,🚗 交通,150.00,菇菇,停車費,台灣,高雄,
02/18/2025,📅 日常,🧴 日用,857.00,菇菇,除油墨+防撥水+毛巾,台灣,臺南,淘寶 
02/17/2025,📅 日常,🚗 交通,150.00,菇菇,停車費,台灣,高雄,
02/17/2025,📅 日常,🧴 日用,272.00,菇菇,滑鼠雜貨,台灣,臺南,
02/17/2025,📅 日常,🏠 住房物業,"1,098.00",菇菇,RO耗材,台灣,臺南,
02/16/2025,📅 日常,🍽️ 飲食,990.00,過兒,小香港,台灣,臺南,
02/16/2025,📅 日常,🍽️ 飲食,80.00,菇菇,全聯採買,台灣,臺南,
02/15/2025,📅 日常,🍽️ 飲食,"1,440.00",過兒,家樂福採購,台灣,臺南,
02/15/2025,📅 日常,🐾 寵物,95.00,過兒,逗貓棒,台灣,臺南,
02/15/2025,📅 日常,🧴 日用,799.00,過兒,家樂福採購,台灣,臺南,
02/14/2025,📅 日常,🍽️ 飲食,19.00,過兒,刷餐,台灣,臺南,
02/14/2025,📅 日常,🍽️ 飲食,800.00,過兒,牛肉火鍋,台灣,臺南,
02/14/2025,📅 日常,🍽️ 飲食,200.00,菇菇,蛋糕麵包,台灣,臺南,
02/14/2025,📅 日常,📚 教育,663.00,菇菇,Claude Ai subscription,台灣,臺南,Pro
02/14/2025,📅 日常,🧴 日用,"1,253.00",菇菇,中華電信網路市話,台灣,臺南,
02/13/2025,📅 日常,🚗 交通,80.00,菇菇,停車費,台灣,高雄,
02/13/2025,📅 日常,🚗 交通,150.00,菇菇,停車費,台灣,高雄,
02/12/2025,📅 日常,🍽️ 飲食,31.00,菇菇,飲料,台灣,臺南,
02/12/2025,📅 日常,🚗 交通,150.00,菇菇,停車費,台灣,高雄,
02/12/2025,📅 日常,🍽️ 飲食,17.00,過兒,豆漿,台灣,臺南,
02/12/2025,📅 日常,🍽️ 飲食,55.00,過兒,水餃酸辣湯,台灣,臺南,
02/12/2025,📅 日常,🏥 醫療,400.00,過兒,屁股復健,台灣,臺南,
02/11/2025,📅 日常,🚗 交通,150.00,菇菇,停車費,台灣,高雄,
02/11/2025,📅 日常,🍽️ 飲食,30.00,菇菇,飲料,台灣,臺南,
02/11/2025,📅 日常,👶 寶寶,310.00,菇菇,狸小路蛋糕,台灣,臺南,
02/11/2025,📅 日常,🍽️ 飲食,950.00,菇菇,秘密義大利麵,台灣,臺南,
02/11/2025,📅 日常,🍽️ 飲食,83.00,菇菇,元宵湯圓,台灣,臺南,
02/11/2025,📅 日常,🚗 交通,854.00,過兒,FIT加油,台灣,臺南,
02/10/2025,📅 日常,🍽️ 飲食,198.00,菇菇,牛奶雞蛋,台灣,臺南,
02/10/2025,📅 日常,🚗 交通,150.00,菇菇,停車費,台灣,高雄,
02/10/2025,📅 日常,🍽️ 飲食,140.00,菇菇,午餐,台灣,臺南,
02/10/2025,📅 日常,📚 教育,"2,617.00",過兒,繪本,台灣,臺南,
02/10/2025,📅 日常,🚗 交通,195.00,過兒,FIT加油,台灣,臺南,
02/09/2025,📅 日常,🍽️ 飲食,"1,360.00",菇菇,米樂火鍋,台灣,臺南,
02/09/2025,📅 日常,🍽️ 飲食,560.00,菇菇,德東甕仔雞,台灣,臺南,
02/08/2025,📅 日常,🚗 交通,60.00,過兒,停車費,台灣,臺南,
02/08/2025,📅 日常,🍽️ 飲食,225.00,菇菇,麥味登早餐,台灣,臺南,
02/08/2025,📅 日常,👶 寶寶,150.00,過兒,產檢掛號,台灣,臺南,
02/08/2025,📅 日常,🚗 交通,"1,390.00",菇菇,RAV4加油,台灣,高雄,
02/08/2025,📅 日常,🍽️ 飲食,"1,650.00",過兒,羅旺子泰式,台灣,臺南,
02/08/2025,📅 日常,🍽️ 飲食,910.00,菇菇,老宅南,台灣,臺南,
02/08/2025,📅 日常,📱 通信,662.00,菇菇,台灣大哥大,台灣,臺南,
02/07/2025,📅 日常,🍽️ 飲食,"1,439.00",菇菇,穠穠生日大餐,台灣,臺南,
02/07/2025,📅 日常,🍽️ 飲食,115.00,菇菇,鍋燒意麵,台灣,臺南,
02/07/2025,📅 日常,🚗 交通,90.00,菇菇,停車費,台灣,高雄,
02/06/2025,📅 日常,👶 寶寶,394.00,過兒,拼圖書&疊疊樂,台灣,臺南,
02/06/2025,📅 日常,🏥 醫療,109.00,過兒,nac舒緩筆,台灣,臺南,
02/06/2025,📅 日常,🍽️ 飲食,255.00,過兒,羊乳片×2,台灣,臺南,
02/06/2025,📅 日常,🚗 交通,150.00,菇菇,停車費,台灣,高雄,
02/06/2025,📅 日常,📚 教育,986.00,菇菇,Paperpile annual subscription,台灣,臺南,
02/06/2025,📅 日常,📱通信,783.00,菇菇,台灣大哥大手機費,台灣,臺南,
02/05/2025,📅 日常,🚗 交通,150.00,菇菇,停車費,台灣,高雄,
02/05/2025,📅 日常,🧴 日用,603.00,菇菇,林務局年曆,台灣,臺南,
02/04/2025,📅 日常,🍽️ 飲食,345.00,過兒,阿銘牛肉麵,台灣,臺南,
02/03/2025,📅 日常,🚗 交通,150.00,菇菇,停車費,台灣,高雄,
02/02/2025,📅 日常,🧴 日用,199.00,菇菇,綠巨人,台灣,臺南,
02/02/2025,📅 日常,🧴 日用,"1,726.00",菇菇,迪卡儂球瑜珈繩,台灣,臺南,
02/02/2025,📅 日常,📚 教育,65.00,菇菇,Google drive,台灣,臺南,
02/02/2025,📅 日常,🎮 娛樂,399.00,菇菇,YouTube,台灣,臺南,
02/02/2025,📅 日常,📚 教育,600.00,菇菇,Chatgpt subscription,台灣,臺南,
02/01/2025,📅 日常,🍽️ 飲食,810.00,過兒,義成伯麵店,台灣,臺南,
02/01/2025,📅 日常,🚗 交通,"1,228.00",菇菇,RAV4加油,台灣,高雄,
02/01/2025,📅 日常,🧴 日用,145.00,菇菇,蝦皮相框,台灣,臺南,
02/01/2025,📅 日常,🧴 日用,540.00,菇菇,洗碗粉,台灣,臺南,coupon 4kg
01/31/2025,📅 日常,🍽️ 飲食,345.00,菇菇,旗津午餐,台灣,臺南,
01/31/2025,📅 日常,🍽️ 飲食,55.00,菇菇,50嵐,台灣,臺南,
01/31/2025,📅 日常,🧴 日用,"2,400.00",菇菇,淘寶站立桌,台灣,臺南,兩張
01/31/2025,📅 日常,👶 寶寶,82.00,菇菇,淘寶電動車遙控器,台灣,臺南,
01/30/2025,📅 日常,🎁 禮物,"24,000.00",過兒,過兒紅包,台灣,臺南,
01/29/2025,📅 日常,🧴 日用,237.00,菇菇,驗孕棒牙膏,台灣,臺南,
01/29/2025,📅 日常,🍽️ 飲食,95.00,過兒,四神湯米糕,台灣,臺南,
01/29/2025,📅 日常,🍽️ 飲食,80.00,菇菇,金宣雙Q,台灣,臺南,
01/29/2025,📅 日常,🍽️ 飲食,180.00,過兒,鹹酥雞,台灣,臺南,
01/29/2025,📅 日常,🍽️ 飲食,200.00,過兒,尖山埤餅乾,台灣,臺南,
01/29/2025,📅 日常,📱通信,"2,750.00",菇菇,蝦皮Pixel1 128G,台灣,臺南,
01/29/2025,📅 日常,🎮 娛樂,536.00,過兒,Spotify 年費,台灣,臺南,
01/28/2025,📅 日常,🎁 禮物,"4,000.00",菇菇,過年穠穠紅包,台灣,臺南,
01/28/2025,📅 日常,🎁 禮物,"4,000.00",菇菇,過年多多啾啾紅包,台灣,臺南,
01/28/2025,📅 日常,🎁 禮物,"40,000.00",菇菇,過年爸媽紅包,台灣,臺南,
01/28/2025,📅 日常,🍽️ 飲食,25.00,過兒,飲料,台灣,臺南,
01/28/2025,📅 日常,🍽️ 飲食,950.00,過兒,雷達土雞城,台灣,臺南,
01/27/2025,📅 日常,🍽️ 飲食,"5,670.00",過兒,香湘園小年夜聚餐,台灣,臺南,
01/26/2025,📅 日常,👗 服飾,"2,388.00",菇菇,外套,台灣,臺南,淘寶
01/25/2025,📅 日常,🍽️ 飲食,45.00,過兒,50嵐紅茶拿鐵珍珠,台灣,臺南,
01/25/2025,📅 日常,🎁 禮物,100.00,過兒,50嵐,台灣,臺南,
01/25/2025,📅 日常,🏠 住房物業,997.00,菇菇,光南雜物,台灣,臺南,
01/25/2025,📅 日常,👶 寶寶,99.00,菇菇,兒童理髮斗篷,台灣,臺南,
01/25/2025,📅 日常,🍽️ 飲食,218.00,過兒,麥當勞早餐,台灣,臺南,
01/25/2025,📅 日常,👶 寶寶,"36,608.00",菇菇,夏綠蒂托嬰,台灣,臺南,含學期費
01/24/2025,📅 日常,🍽️ 飲食,80.00,菇菇,早餐,台灣,臺南,
01/24/2025,📅 日常,🚗 交通,100.00,菇菇,停車費,台灣,高雄,
01/24/2025,✈️ 旅行,🚗 交通,40.00,菇菇,台北捷運,台灣,臺北,
01/24/2025,📅 日常,🧴 日用,584.00,菇菇,蝦皮 2025月曆,台灣,臺南,
01/24/2025,📅 日常,🚗 交通,292.00,過兒,FIT加油,台灣,臺南,
01/23/2025,📅 日常,🍽️ 飲食,860.00,菇菇,牛肉麵,台灣,臺南,
01/22/2025,✈️ 旅行,🍽️ 飲食,"1,847.12",菇菇,沖繩料理,日本,沖繩,
01/22/2025,✈️ 旅行,🚗 交通,"1,049.62",過兒,租車加油,日本,沖繩,
01/22/2025,✈️ 旅行,🍽️ 飲食,39.60,過兒,拿鐵,日本,沖繩,
01/22/2025,✈️ 旅行,👗 服飾,"4,447.96",過兒,Birthday 買衣服,日本,沖繩,
01/22/2025,✈️ 旅行,🍽️ 飲食,"1,166.00",過兒,初代沖繩麵王,日本,沖繩,
01/22/2025,✈️ 旅行,🚗 交通,55.00,過兒,沖繩過路費,日本,沖繩,
01/22/2025,✈️ 旅行,🍽️ 飲食,767.80,菇菇,A&W早餐,日本,沖繩,
01/21/2025,✈️ 旅行,🍽️ 飲食,493.08,過兒,永樂午餐,日本,沖繩,
01/20/2025,✈️ 旅行,🍽️ 飲食,748.00,過兒,日式丼飯早餐,日本,沖繩,
01/20/2025,✈️ 旅行,💄 美容,394.46,過兒,Loft腮紅眉筆,日本,沖繩,
01/20/2025,✈️ 旅行,🚗 交通,237.30,過兒,沖繩過路費,日本,沖繩,
01/19/2025,✈️ 旅行,🎁 禮物,409.20,過兒,鳳梨蜂蜜蛋糕,日本,沖繩,
01/19/2025,✈️ 旅行,🍽️ 飲食,136.40,過兒,Lawson 咖啡,日本,沖繩,
01/19/2025,✈️ 旅行,🍽️ 飲食,"1,911.80",菇菇,古宇利蝦蝦飯,日本,沖繩,
01/19/2025,✈️ 旅行,🎁 禮物,"1,242.34",過兒,伴手禮餅乾,日本,沖繩,
01/19/2025,✈️ 旅行,🍽️ 飲食,357.00,菇菇,美麗海午餐,日本,沖繩,
01/19/2025,✈️ 旅行,🍽️ 飲食,672.32,過兒,水果食材牛奶,日本,沖繩,
01/19/2025,✈️ 旅行,🍽️ 飲食,184.80,過兒,咖啡,日本,沖繩,
01/18/2025,✈️ 旅行,🍽️ 飲食,"1,629.18",菇菇,宵夜早餐伴手禮,日本,沖繩,
01/18/2025,✈️ 旅行,🎁 禮物,415.80,過兒,水族館襪子玩具磁鐵,日本,沖繩,
01/18/2025,✈️ 旅行,🚗 交通,325.50,過兒,沖繩過路費,日本,沖繩,
01/18/2025,✈️ 旅行,🍽️ 飲食,231.00,菇菇,玉泉洞割包,日本,沖繩,
01/18/2025,✈️ 旅行,🍽️ 飲食,77.70,過兒,飲料水,日本,沖繩,
01/18/2025,✈️ 旅行,🎁 禮物,924.00,菇菇,沖繩蕎麥麵,日本,沖繩,2份
01/18/2025,✈️ 旅行,🍽️ 飲食,420.00,菇菇,玉泉洞點心,日本,沖繩,
01/18/2025,✈️ 旅行,🚗 交通,"10,210.20",菇菇,沖繩租車5天,日本,沖繩,
01/17/2025,✈️ 旅行,🍽️ 飲食,"6,793.60",菇菇,大家古家涮涮鍋,日本,沖繩,
01/17/2025,✈️ 旅行,🍽️ 飲食,"5,378.10",菇菇,極上燒肉,日本,沖繩,
01/17/2025,✈️ 旅行,🍽️ 飲食,136.50,過兒,沖繩沙翁,日本,沖繩,
01/17/2025,✈️ 旅行,🍽️ 飲食,"3,696.00",菇菇,牧志市場海產,日本,沖繩,
01/17/2025,✈️ 旅行,🍽️ 飲食,903.00,菇菇,Po飯糰,日本,沖繩,
01/17/2025,✈️ 旅行,🚗 交通,"24,022.00",過兒,虎航沖繩機票,日本,沖繩,
01/17/2025,✈️ 旅行,🏨 住宿,"31,811.00",菇菇,沖繩住宿,日本,沖繩,
01/16/2025,📅 日常,🎁 禮物,240.00,菇菇,寄包裹,台灣,臺南,
01/16/2025,📅 日常,🚗 交通,"1,086.00",菇菇,Rav4加油,台灣,高雄,
01/15/2025,📅 日常,🚗 交通,190.00,菇菇,停車費,台灣,高雄,
01/15/2025,📅 日常,🎁 禮物,500.00,過兒,樂作捐款,台灣,臺南,
01/14/2025,📅 日常,🏥 醫療,200.00,過兒,牙醫,台灣,臺南,
01/14/2025,📅 日常,🍽️ 飲食,0.00,過兒,塗氟,台灣,臺南,
01/14/2025,📅 日常,📚 教育,663.00,菇菇,Claude Ai subscription,台灣,臺南,Pro
01/13/2025,📅 日常,🍽️ 飲食,98.00,過兒,雞蛋布丁,台灣,臺南,
01/13/2025,📅 日常,🏥 醫療,150.00,過兒,安南中醫,台灣,臺南,
01/13/2025,📅 日常,🍽️ 飲食,710.00,菇菇,午餐,台灣,臺南,
01/13/2025,📅 日常,🚗 交通,150.00,菇菇,停車費,台灣,高雄,
01/13/2025,📅 日常,🏠 住房物業,321.00,菇菇,水費,台灣,臺南,
01/12/2025,📅 日常,🍽️ 飲食,235.00,過兒,午餐,台灣,臺南,
01/12/2025,📅 日常,🎁 禮物,345.00,過兒,穠穠生日書,台灣,臺南,
01/12/2025,📅 日常,🍽️ 飲食,618.00,菇菇,全聯採買,台灣,臺南,
01/11/2025,📅 日常,🚗 交通,"1,449.00",菇菇,Rav4加油,台灣,高雄,
01/11/2025,📅 日常,👗 服飾,"3,170.00",過兒,廠拍買衣服,台灣,臺南,
01/11/2025,📅 日常,👗 服飾,"2,586.00",過兒,廠拍買鞋子,台灣,臺南,
01/11/2025,📅 日常,👗 服飾,624.00,過兒,穠穠鞋子,台灣,臺南,兩雙
01/11/2025,📅 日常,🎁 禮物,"2,676.00",過兒,過兒媽衣服鞋子,台灣,臺南,
01/11/2025,📅 日常,🧴 日用,600.00,菇菇,真菌學會會費,台灣,臺南,
01/10/2025,✈️ 旅行,📱通信,851.00,菇菇,eSIM,日本,沖繩,
01/10/2025,✈️ 旅行,📱通信,309.00,菇菇,SIM,日本,沖繩,
01/10/2025,📅 日常,🍽️ 飲食,120.00,菇菇,肉骨茶麵,台灣,臺南,
01/10/2025,📅 日常,🍽️ 飲食,442.00,菇菇,全聯採買饅頭牛奶,台灣,臺南,
01/10/2025,📅 日常,👶 寶寶,490.00,過兒,益妙兒,台灣,臺南,
01/10/2025,📅 日常,👶 寶寶,909.00,過兒,奶粉,台灣,臺南,
01/10/2025,📅 日常,🍽️ 飲食,10.00,過兒,茶葉蛋,台灣,臺南,
01/10/2025,📅 日常,🍽️ 飲食,"1,232.00",菇菇,甘吧居酒屋,台灣,臺南,
01/10/2025,📅 日常,🧴 日用,275.00,過兒,蟑螂藥&神奇海綿,台灣,臺南,
01/10/2025,📅 日常,🍽️ 飲食,"1,879.00",菇菇,咖啡豆,台灣,臺南,
01/10/2025,📅 日常,📱通信,"1,235.00",菇菇,中華電信網路市話,台灣,臺南,
01/09/2025,✈️ 旅行,🛡️ 保險,"5,806.00",過兒,旅平險,日本,沖繩,五人
01/08/2025,📅 日常,🎁 禮物,180.00,菇菇,果汁,台灣,臺南,
01/08/2025,📅 日常,🍽️ 飲食,950.00,菇菇,燒肉,台灣,臺南,
01/08/2025,📅 日常,🚗 交通,150.00,菇菇,停車費,台灣,高雄,
01/07/2025,📅 日常,👶 寶寶,"1,788.00",過兒,穠穠雅漾乳液,台灣,臺南,
01/07/2025,📅 日常,🧴 日用,318.00,菇菇,手機殼,台灣,臺南,
01/07/2025,📅 日常,🧴 日用,224.00,菇菇,豆腐頭,台灣,臺南,
01/07/2025,📅 日常,🚗 交通,350.00,菇菇,RAV4地圖袋,台灣,臺南,
01/07/2025,📅 日常,👶 寶寶,600.00,過兒,穠穠醫立妥,台灣,臺南,
01/07/2025,📅 日常,🧴 日用,384.00,過兒,行李壓縮袋,台灣,臺南,
01/07/2025,📅 日常,🚗 交通,150.00,菇菇,停車費,台灣,高雄,
01/06/2025,📅 日常,👗 服飾,"1,697.00",菇菇,葳老闆,台灣,臺南,
01/06/2025,📅 日常,🚗 交通,180.00,菇菇,停車費,台灣,高雄,
01/06/2025,📅 日常,🚗 交通,120.00,過兒,停車費,台灣,臺南,
01/06/2025,📅 日常,🚗 交通,"1,450.00",菇菇,RAV4加油,台灣,高雄,
01/06/2025,📅 日常,🍽️ 飲食,15.00,過兒,711,台灣,臺南,
01/06/2025,📅 日常,🚗 交通,"2,610.00",菇菇,高鐵台北來回,台灣,臺南,
01/06/2025,📅 日常,💄 美容,"1,200.00",過兒,葳老闆青春油,台灣,臺南,
01/06/2025,📅 日常,🚗 交通,"70,000.00",菇菇,RAV4買車訂金,台灣,臺南,
01/06/2025,📅 日常,🚗 交通,"21,611.00",菇菇,RAV4領牌,台灣,臺南,
01/06/2025,📅 日常,🚗 交通,"26,139.00",菇菇,RAV4保險,台灣,臺南,
01/05/2025,📅 日常,💄 美容,600.00,過兒,洗加剪,台灣,臺南,
01/05/2025,📅 日常,🎮 娛樂,50.00,過兒,停車費,台灣,臺南,
01/05/2025,📅 日常,🍽️ 飲食,260.00,過兒,園遊會午餐,台灣,臺南,
01/05/2025,📅 日常,🍽️ 飲食,308.00,菇菇,全聯,台灣,臺南,
01/05/2025,📅 日常,🍽️ 飲食,220.00,過兒,早餐,台灣,臺南,
01/04/2025,📅 日常,🎁 禮物,"4,080.00",菇菇,樂作禮盒/捐款,台灣,臺南,
01/03/2025,📅 日常,🎮 娛樂,"17,000.00",菇菇,電動腳踏車套件,台灣,臺南,
01/03/2025,📅 日常,🍽️ 飲食,141.00,菇菇,丹丹,台灣,臺南,
01/03/2025,📅 日常,🎁 禮物,850.00,過兒,紅棗圈圈×10,台灣,臺南,
01/03/2025,📅 日常,🚗 交通,885.00,過兒,Fit 加油,台灣,臺南,
01/03/2025,📅 日常,🍽️ 飲食,96.00,過兒,下午茶飲料+大腸包小腸,台灣,臺南,
01/03/2025,📅 日常,🎁 禮物,850.00,菇菇,blue cheese cookies,台灣,臺南,
01/03/2025,📅 日常,🏠 住房物業,"1,082.00",菇菇,電費,台灣,臺南,
01/02/2025,📅 日常,👶 寶寶,602.00,過兒,濕紙巾,台灣,臺南,
01/02/2025,📅 日常,🚗 交通,100.00,菇菇,停車費,台灣,高雄,
01/02/2025,📅 日常,📚 教育,600.00,菇菇,Chatgpt subscription,台灣,臺南,
01/02/2025,📅 日常,🎮 娛樂,399.00,菇菇,YouTube,台灣,臺南,
01/02/2025,📅 日常,📚 教育,65.00,菇菇,Google drive,台灣,臺南,
01/01/2025,📅 日常,🚗 交通,150.00,菇菇,停車費,台灣,高雄,
01/01/2025,📅 日常,🚗 交通,250.00,菇菇,Fit 加油,台灣,臺南,
01/01/2025,📅 日常,🍽️ 飲食,390.00,過兒,蘭姐鴨肉飯,台灣,高雄,
01/01/2025,📅 日常,👶 寶寶,108.00,菇菇,奶嘴鏈,台灣,高雄,
01/01/2025,📅 日常,🍽️ 飲食,40.00,過兒,飲料,台灣,臺南,
01/01/2025,📅 日常,🍽️ 飲食,"1,038.00",菇菇,腳踏車後車廂置物籃,台灣,臺南,淘寶
01/01/2025,📅 日常,👶 寶寶,"18,450.00",菇菇,夏綠蒂托嬰,台灣,臺南,
03/31/2026,📅 日常,🧴 日用,356.00,菇菇,印章,台灣,台南市,